sponsor_type,enrollment
Industry,27
Other,10
Industry,33
NIH,276
Industry,33
Other,16
Industry,41
Industry,60
Other,93
Industry,329
Industry,190
Other,107
Other,71
Other,59
Other,36
Industry,502
Industry,61
Industry,176
Industry,52
Industry,24
Industry,159
Industry,108
Industry,63
Other,33
Industry,91
Industry,80
Other,8
Industry,31
Other,137
Other,35
Other,73
Industry,17
Industry,48
Industry,92
Other,68
Industry,135
Industry,31
Industry,18
Industry,27
Industry,2568
Other,76
Other,45
Industry,27
Other,77
Industry,50
Other,781
Other,155
Industry,262
Industry,42
Industry,53
NIH,508
Other,279
Other,93
Industry,111
Other,470
Industry,57
Industry,32
Other,33
Industry,74
Other,122
Other,11
Industry,19
Industry,51
Other,290
Industry,40
Industry,25
Industry,779
Industry,45
Other,24
NIH,48
Industry,48
Other,8
Other,542
Other,83
Industry,28
Other,34
Industry,66
Industry,47
Industry,288
Industry,90
Industry,2289
Industry,37
Industry,121
Other,99
Other,13
Other,75
Industry,67
Industry,488
Industry,126
Industry,656
Other,160
Industry,61
Industry,348
Other,153
Industry,280
Industry,97
Industry,208
Other,50
Other,28
Industry,28
Industry,128
Other,79
Other,5
Industry,491
Industry,238
Other,73
Industry,75
Industry,26
Other,347
Industry,237
Other,156
Industry,8
Industry,53
Industry,21
Industry,164
Industry,17
Industry,95
NIH,72
Industry,40
Industry,57
Industry,233
Other,10
Industry,6
Other,69
Industry,414
Industry,426
Other,8
NIH,615
Industry,155
Industry,44
Industry,147
Other,284
Industry,61
Industry,134
Industry,980
NIH,19
Other,52
NIH,5
NIH,824
Other,32
Other,35
Other,13
Industry,467
Other,112
Other,93
Industry,193
Other,96
Industry,61
Other,167
Industry,48
Other,94
Industry,153
Industry,81
Other,23
Other,18
Industry,72
Other,64
Industry,30
Industry,151
Industry,187
Industry,336
Other,20
Other,43
Other,15
Industry,170
Industry,63
Industry,27
Other,17
Other,82
Industry,210
Industry,111
NIH,55
Industry,16
Industry,378
Industry,136
Other,12
Other,662
Industry,574
Other,6
Industry,55
Industry,11
Industry,43
Industry,150
Other,106
Industry,150
Industry,118
Other,56
Other,28
Industry,5
Industry,9
Other,38
Other,13
Industry,164
Industry,109
Industry,12
Industry,73
Industry,25
Industry,110
Industry,88
Industry,12
Other,5
Other,10
Industry,134
Other,44
Other,28
NIH,456
Industry,67
Industry,36
Industry,71
Other,50
Other,109
Industry,201
Industry,22
Other,15
NIH,276
Industry,16
Industry,217
Industry,96
Other,66
NIH,179
NIH,299
Other,174
Other,17
Industry,63
Other,225
Other,94
Industry,186
Industry,11
Industry,47
Industry,622
Other,295
NIH,103
Industry,82
Other,166
Industry,119
Other,45
Industry,21
Other,46
Industry,94
Industry,139
Other,215
Other,71
Other,29
Industry,119
Other,329
Industry,93
Industry,5
Industry,58
Other,17
Other,35
Industry,80
Industry,239
Industry,51
Industry,91
Industry,193
Other,60
Other,32
Industry,85
Industry,96
Industry,69
Industry,267
Industry,125
Industry,12
Other,57
Industry,300
Industry,15
NIH,515
Industry,20
Industry,26
Industry,142
Other,25
Industry,29
Other,300
Industry,103
NIH,47
Industry,68
Other,234
Industry,23
Industry,114
Industry,158
Industry,132
Other,22
Industry,51
Industry,577
Industry,28
Industry,86
Industry,260
Industry,116
Industry,320
Industry,17
Industry,117
Other,9
Industry,63
Other,514
Industry,79
NIH,71
Industry,55
Industry,194
Other,11
Other,29
Industry,95
Industry,133
Industry,7
Industry,89
Other,240
Industry,49
NIH,228
Industry,30
Industry,37
Industry,29
Other,62
Industry,18
Industry,106
Industry,75
Industry,42
Other,332
Other,40
Industry,31
Other,26
Other,74
Other,93
Industry,102
Other,9
Other,123
Industry,224
Industry,83
Industry,375
Industry,182
Other,131
Industry,36
Other,156
Industry,65
Other,40
Industry,59
Other,54
Other,38
Industry,8
Industry,440
Other,57
Other,5
Industry,199
Industry,294
Industry,47
Industry,489
Industry,59
Other,18
NIH,36
NIH,15
Industry,106
Industry,145
Industry,186
Industry,137
Other,192
Industry,857
Other,14
Industry,51
Other,23
Other,79
Industry,39
Industry,6
Other,274
Industry,221
Other,26
Other,13
Industry,99
Industry,173
Other,379
Industry,28
Industry,97
Industry,14
Other,363
Industry,127
Industry,43
Industry,51
Other,31
Industry,192
Industry,476
Industry,92
Industry,70
Other,147
Industry,87
Other,31
Industry,238
Other,16
NIH,138
Industry,67
Other,5
Other,23
Industry,71
Other,8
Industry,37
Industry,117
Industry,126
Other,46
Industry,246
Industry,154
Other,20
Other,15
Industry,258
Other,10
NIH,36
Other,34
Industry,58
Other,13
Other,8
NIH,58
Industry,125
Industry,62
Other,260
Industry,132
Industry,48
Industry,180
Other,112
Other,42
Industry,120
Industry,89
Other,7
Industry,1168
NIH,223
Other,88
Other,153
Other,38
Industry,118
Other,31
Industry,18
Other,999
Other,37
Industry,79
Industry,486
Other,508
Industry,272
Other,18
Other,10
Industry,102
Industry,72
Industry,57
Other,63
NIH,197
Industry,44
Industry,59
Industry,130
NIH,28
NIH,361
Other,5
Industry,97
NIH,202
Other,22
Industry,20
Industry,68
Industry,357
Other,109
Other,186
Other,139
Industry,30
Industry,66
Industry,118
Industry,11
Industry,14
Other,9
Industry,228
Industry,57
Industry,35
Other,12
Industry,92
Industry,16
Other,5
Industry,169
Industry,6
Industry,18
Industry,73
Industry,130
Other,50
Industry,62
Industry,70
Industry,85
Other,23
Industry,130
Industry,216
Other,5
Other,11
Industry,124
Other,6
Industry,16
Industry,189
Other,235
Industry,389
Other,7
NIH,5
Industry,25
Other,516
Other,22
Other,54
Other,7
NIH,6
Industry,65
Industry,369
Other,74
Other,7
Industry,48
Industry,1381
NIH,79
Industry,6
NIH,787
Industry,121
Other,5
Industry,104
Industry,49
Industry,18
Other,604
Industry,48
Other,52
Industry,17
NIH,46
Industry,102
Industry,19
Industry,129
Industry,44
Industry,185
Industry,97
Industry,36
Industry,76
Industry,2277
Other,460
Other,71
Other,339
Other,15
Industry,363
Industry,289
NIH,40
Other,45
NIH,109
Industry,56
Industry,89
Other,5
Industry,52
Industry,66
Industry,195
Industry,69
Industry,145
Industry,66
Other,17
Industry,16
Industry,24
NIH,82
Industry,40
Other,9
NIH,240
Industry,196
Industry,47
Other,5
Industry,720
Industry,461
Other,76
Industry,168
Industry,36
NIH,27
Other,14
Industry,77
Other,12
Industry,106
Industry,161
Other,5
Other,196
Other,197
Industry,329
NIH,15
Industry,56
Industry,569
Other,12
Other,61
NIH,5
Industry,31
Other,74
Other,15
Industry,45
Industry,68
Other,48
Other,37
Other,142
Industry,157
Industry,67
Industry,64
Industry,18
Industry,273
Other,48
Industry,41
Industry,327
Other,119
Other,53
Other,66
NIH,114
Industry,36
Industry,16
Industry,51
Industry,57
NIH,231
NIH,147
Industry,28
Industry,159
Other,13
Industry,2406
Industry,11
Industry,652
Industry,73
Other,42
Other,39
NIH,27
Other,52
Other,5
Other,12
Other,48
Other,69
Other,64
Industry,100
Industry,11
Industry,39
Other,38
Other,314
Other,20
Other,88
NIH,206
Industry,158
Industry,96
Industry,170
Other,19
Industry,1138
Other,92
Other,34
NIH,20
Industry,129
Other,48
Industry,39
Other,16
Other,50
Industry,116
Industry,196
Other,277
Other,1836
Other,18
Industry,132
Other,116
Industry,10
Other,46
Industry,909
Industry,28
Other,43
Industry,48
Industry,99
Industry,53
Other,146
Industry,33
Industry,42
Other,61
Industry,99
Other,65
Other,100
Industry,20
Industry,86
Industry,31
Industry,18
Other,7
Industry,27
Industry,195
Industry,131
Other,5
Industry,105
Industry,155
Industry,10
Other,120
Other,11
Other,255
Industry,152
NIH,154
Other,95
Other,245
Industry,343
NIH,30
Industry,5
Industry,833
Industry,232
Industry,159
Industry,1175
Industry,145
Other,5
Other,67
Industry,121
Other,1735
Industry,493
Other,5
Industry,228
Industry,506
Industry,190
NIH,12
Industry,361
Industry,60
Other,221
Other,13
Industry,59
Other,57
NIH,41
Other,8
Other,128
Industry,327
Other,6
Industry,32
Industry,54
Other,24
Other,77
Industry,33
Other,78
Industry,31
Other,6
Industry,38
Industry,10
Industry,101
Industry,88
NIH,15
Industry,68
Industry,29
Industry,97
Industry,29
Industry,58
Industry,48
Other,107
Other,32
Industry,282
NIH,11
Industry,40
Other,124
Industry,52
Other,82
Industry,8
Industry,727
Industry,80
Other,305
Industry,217
Industry,78
Industry,170
Other,192
NIH,470
Industry,45
Other,63
Industry,91
Industry,70
Industry,70
Industry,83
Other,229
Industry,73
Other,18
Other,120
Industry,222
Other,682
Industry,79
Industry,58
Industry,236
Industry,94
NIH,16
Industry,154
Industry,187
Industry,139
Industry,29
Industry,436
Industry,274
Industry,133
Industry,455
Industry,184
Other,133
Other,78
Other,199
Other,318
Industry,113
NIH,46
Industry,19
Industry,57
Industry,41
Industry,605
Industry,41
Other,71
Other,341
Industry,85
Industry,90
Other,246
Industry,70
Industry,81
Industry,29
Other,44
Industry,1410
Other,5
Industry,45
Industry,151
Industry,17
Industry,65
Other,328
Industry,137
Other,96
Industry,40
Other,65
Industry,10
Other,34
Industry,269
Industry,33
Other,13
Industry,73
Industry,5
Industry,202
Industry,97
Other,14
Industry,396
Other,34
Industry,21
Industry,52
Other,40
Other,311
Other,5
Industry,52
NIH,102
Industry,311
Industry,213
Other,28
Industry,48
Other,5
Industry,273
Other,40
Industry,170
Other,358
Industry,140
Industry,46
Other,20
Industry,319
Other,111
Industry,66
Industry,33
Industry,655
Other,77
Industry,55
Industry,90
Industry,16
Other,7
Industry,195
Industry,748
Other,17
Industry,158
Other,243
Other,44
NIH,24
NIH,174
Industry,75
Industry,34
Industry,83
Other,8
Industry,36
Industry,25
Industry,96
Industry,26
Other,63
Industry,34
Other,79
Other,54
Industry,162
Industry,57
Industry,80
Industry,277
Other,27
Industry,291
Industry,56
Industry,334
Industry,51
Other,54
Other,391
Other,15
Industry,20
NIH,24
Other,10
NIH,296
Other,5
Industry,56
Other,425
Other,56
Other,403
Industry,23
Industry,5
Industry,27
Other,625
Other,21
Other,23
NIH,57
Industry,45
Other,10
Industry,1267
Other,75
Other,71
Industry,116
Industry,84
Industry,51
Industry,230
Other,637
Other,39
Other,5
Other,1042
Industry,280
NIH,25
Industry,48
Industry,21
Industry,142
Industry,48
Other,76
Other,111
Other,100
Industry,82
Other,47
Industry,58
Other,323
Industry,82
Other,30
Industry,113
Other,54
Other,18
Industry,218
Other,18
NIH,248
Other,28
Industry,210
Industry,274
Other,20
NIH,13
Other,114
Industry,302
Industry,104
Other,19
Industry,220
Other,45
NIH,11
Other,108
Other,109
Other,86
Other,23
Industry,43
Industry,306
Other,642
Other,41
Other,155
Industry,122
Other,92
Other,1540
Industry,16
Industry,170
Industry,32
Other,17
NIH,225
Industry,242
Industry,28
Industry,39
Other,129
Industry,59
NIH,67
Other,10
Industry,46
Other,93
Other,99
Industry,291
Other,131
Industry,289
Other,10
Industry,464
Industry,120
Industry,182
Other,14
Industry,317
Industry,256
Industry,121
Industry,157
NIH,195
Industry,337
Industry,58
Other,24
Other,18
Other,82
Industry,5
Other,36
NIH,47
Industry,271
Industry,37
NIH,28
Other,21
Other,9
Industry,70
Industry,46
Other,31
Industry,265
Other,2593
Industry,28
Other,28
Other,43
Industry,74
Industry,14
Industry,256
Other,113
Other,55
Other,58
Industry,67
Other,35
Industry,626
Other,75
NIH,124
Industry,232
Other,25
Other,50
Industry,115
Industry,93
Industry,67
Industry,89
NIH,140
Industry,116
Other,571
Industry,87
Other,14
Other,20
Industry,31
Other,5
Industry,39
Industry,203
Other,7
Other,64
Other,63
Other,55
NIH,253
Industry,2290
Other,570
Other,7
Industry,60
Industry,42
Industry,64
Industry,879
Other,217
Industry,55
Other,7
Industry,838
Industry,118
NIH,44
Industry,19
Industry,158
Industry,461
Industry,317
Industry,7
Industry,50
Other,184
Other,136
Industry,22
Other,330
Industry,68
Other,120
Other,66
Industry,168
Industry,43
Other,85
Industry,91
Other,36
Industry,140
NIH,496
Industry,404
Other,176
Industry,110
Industry,66
Other,21
Industry,295
Industry,70
Industry,205
Other,11
Industry,205
Other,135
Other,51
Industry,10
NIH,77
Industry,955
Industry,83
Other,70
Industry,423
Other,95
Other,26
Other,312
Industry,481
Other,342
Industry,37
Industry,52
Other,22
Other,24
Industry,920
Industry,31
Industry,185
Industry,77
Industry,418
Industry,610
Other,24
Other,33
Industry,120
Other,134
Industry,814
Industry,90
Industry,129
Other,7
Other,64
Other,5
Other,643
NIH,67
Industry,53
Other,93
NIH,53
NIH,20
Industry,21
Industry,36
Industry,178
Other,125
Industry,33
NIH,88
Other,170
NIH,392
Industry,119
Industry,58
Other,376
Industry,37
Industry,59
Industry,401
NIH,25
Industry,50
NIH,5
Other,114
Other,95
Industry,19
Industry,30
Other,97
Industry,10
Industry,10
Industry,22
Other,57
Other,29
NIH,159
Industry,13
Other,36
Industry,69
Industry,34
Other,76
Other,229
Industry,83
Industry,541
Other,50
Industry,240
Industry,117
Other,43
Other,112
Industry,62
Other,9
Other,60
Other,161
Industry,18
Other,12
Industry,22
Other,6
Industry,145
Other,55
Industry,51
Industry,56
Industry,126
Other,255
Industry,55
NIH,8
Other,14
Industry,705
Industry,192
Industry,69
NIH,14
Other,8
Other,1127
Industry,67
Industry,42
Industry,62
Industry,193
Other,165
Other,9
Other,140
Other,215
Industry,154
Other,37
Industry,84
Industry,85
Industry,56
Industry,278
Industry,420
NIH,20
Industry,27
Industry,636
Industry,67
Industry,67
Industry,18
Industry,149
Industry,27
Industry,40
Industry,67
Industry,252
Other,37
Industry,344
Industry,652
Industry,273
Other,85
Industry,29
Other,69
Industry,178
Industry,108
Industry,88
Industry,73
Industry,17
Other,26
Industry,80
Industry,48
Other,33
NIH,52
Industry,43
Other,49
Industry,75
Other,19
NIH,30
Other,34
Other,6
NIH,65
Other,6
Other,41
Industry,755
Industry,219
Other,56
Industry,168
Other,25
Industry,276
NIH,162
Industry,81
Other,16
Industry,82
Industry,44
Other,79
Other,4095
Other,5
Other,6
Industry,479
Other,27
Industry,152
Other,10
Other,15
Other,102
Industry,38
Industry,132
Other,20
Industry,1351
Industry,140
Industry,1032
Other,15
Other,19
Industry,129
Other,772
Industry,249
NIH,90
Industry,95
NIH,614
Other,3257
Other,23
Industry,41
NIH,16
Industry,113
Industry,82
Other,13
Other,14
Industry,115
Other,39
Industry,36
NIH,464
Other,78
Other,30
Industry,35
Industry,20
Other,89
Industry,58
Industry,225
Other,22
Industry,54
Industry,98
Other,444
Industry,39
Other,75
Industry,132
Other,82
Industry,94
Industry,87
Other,117
Other,22
Other,17
NIH,129
Other,368
Industry,174
Other,56
Other,49
Industry,32
Industry,71
Industry,27
Other,156
Other,31
Other,34
Industry,150
Other,7
Other,13
Industry,246
Other,30
Other,98
Other,38
Industry,111
Other,12
Other,15
Industry,40
Industry,48
Industry,465
Other,44
Industry,137
Other,9
Other,67
Industry,84
Industry,165
Other,68
Industry,230
Industry,7
Industry,26
Other,55
Other,40
Other,90
Other,39
Other,51
Industry,167
Industry,35
Industry,249
Other,103
Industry,140
Industry,117
Other,14
Other,36
Other,16
Other,5
Industry,313
Other,404
Other,116
Industry,38
Industry,74
Industry,222
Other,59
Industry,111
Industry,125
Other,86
Industry,199
Other,76
NIH,62
Industry,63
Other,64
Industry,282
Industry,697
Industry,223
Other,122
Other,102
Other,121
Industry,128
Industry,32
Other,30
Industry,106
Other,37
Industry,12
Industry,118
Industry,215
Other,238
Industry,84
Industry,26
Other,13
Industry,100
Other,27
Industry,2081
Other,59
Other,27
Industry,11
Industry,32
Industry,129
Other,30
Other,364
Other,51
NIH,55
Other,16
Industry,106
Other,18
Other,7
Other,1275
Other,553
Industry,53
Industry,411
Industry,225
NIH,13
Other,25
Other,8
Other,26
NIH,22
Industry,136
Other,55
Industry,122
Other,35
Industry,169
Industry,32
Other,34
Other,17
Industry,329
Industry,61
Industry,64
Other,5
Other,54
Other,51
Industry,82
Other,11
Industry,120
Other,25
Other,27
Other,406
Industry,304
Industry,5
Other,133
Other,56
Other,80
Other,55
Other,5
Other,18
Industry,53
Other,107
Industry,19
Industry,83
Industry,85
Industry,5
Other,45
Industry,18
Other,23
Industry,45
Industry,42
Industry,67
Other,5
Other,19
Industry,27
Industry,143
Industry,24
Industry,244
Industry,185
Other,42
Industry,362
Other,41
Other,103
Industry,99
Industry,100
Industry,22
Industry,175
Other,76
Industry,60
Industry,349
Industry,34
Industry,381
Industry,97
Industry,374
NIH,53
Other,14
Industry,101
Industry,84
Other,184
Industry,233
Industry,327
Industry,303
Industry,31
Industry,41
Industry,30
Other,21
Industry,135
Other,156
Industry,11
Industry,7
Industry,31
Industry,51
Industry,104
Other,83
Industry,17
Industry,44
Other,22
Other,587
Industry,123
Industry,83
Other,209
Other,17
Other,93
Industry,146
Industry,20
Industry,134
Other,16
Industry,36
Other,32
Industry,342
Industry,379
Industry,204
Other,6
Other,54
Other,87
Industry,254
Other,54
Industry,317
Other,56
Other,38
Industry,26
Other,37
Industry,7
Industry,41
Other,597
NIH,105
Other,157
Industry,100
Industry,203
Industry,17
Other,10
Other,103
Other,16
Industry,32
Industry,93
Industry,66
NIH,61
Industry,226
Industry,39
Industry,61
Industry,156
Industry,121
Other,55
Industry,48
Industry,144
NIH,27
Industry,73
Industry,51
Industry,13
Other,54
Industry,94
Other,24
Other,51
Other,411
Other,5
Industry,289
Industry,54
Other,768
Industry,41
Industry,140
Other,72
Industry,102
Other,82
Other,59
Industry,120
Other,6
Other,33
Industry,139
Other,106
Other,20
Industry,260
Industry,287
Industry,95
Industry,244
Industry,48
Other,18
Industry,38
Industry,222
Other,204
Industry,302
Industry,32
Other,346
Industry,21
Other,11
Other,73
Industry,254
Other,106
Other,5
Industry,322
Industry,10
Other,30
Industry,872
Industry,255
Industry,139
Industry,37
Industry,32
Industry,483
Other,51
Industry,35
Other,520
Industry,204
Industry,27
Industry,73
Other,208
Industry,415
Industry,120
Other,8
Other,417
Industry,171
Industry,142
Industry,26
Other,224
Industry,8
Other,327
Industry,86
Other,79
Industry,9
Other,29
Industry,125
Industry,90
Industry,213
Other,60
Other,309
Other,39
Other,252
Other,368
Other,17
NIH,526
Industry,13
Other,94
Industry,62
Other,73
Other,7
Industry,220
Industry,430
Other,39
Industry,73
Industry,40
Industry,15
NIH,16
Other,81
Industry,89
Industry,342
Other,275
Industry,679
Industry,39
Industry,184
Other,14
Industry,227
Industry,138
Industry,155
Other,18
Other,126
Other,55
Other,593
Other,39
Other,42
Industry,45
Industry,206
Other,13
Industry,49
Industry,142
Industry,15
Industry,98
Other,127
Industry,74
Other,41
Other,51
Industry,32
Industry,104
Industry,83
Industry,646
NIH,159
Industry,73
Other,26
Industry,1575
NIH,10
Other,103
Industry,112
Other,118
Industry,81
Industry,52
Industry,158
Other,66
Industry,221
Industry,28
Industry,141
Other,22
NIH,369
Other,11
Industry,101
Industry,40
Other,33
Other,98
Industry,12
NIH,5
Industry,516
Industry,338
Industry,176
Other,5
Industry,9
Industry,94
Industry,179
Other,36
Other,74
Industry,80
Other,43
NIH,122
Industry,63
Industry,139
NIH,779
Industry,32
Industry,12
Industry,32
Other,35
Other,855
Industry,10
Industry,92
Other,72
Industry,35
Industry,1729
Other,30
Other,147
Industry,3487
Industry,48
Other,56
Other,5
Industry,331
Other,224
Industry,244
Other,46
Other,229
Other,43
Industry,172
Other,64
NIH,561
Other,65
Other,113
Other,218
Other,81
Industry,45
Industry,49
NIH,17
Industry,92
Industry,141
Industry,67
Other,30
Industry,62
Industry,47
NIH,776
Industry,218
Other,94
Other,65
Other,182
Industry,57
NIH,13
Other,43
Other,173
Other,26
Industry,471
Industry,173
Industry,189
Industry,34
Other,226
Industry,27
Industry,64
Industry,110
Other,11
Industry,50
Industry,330
Other,51
Other,145
NIH,99
Industry,233
Industry,352
Industry,617
Industry,151
Industry,61
Other,40
Other,18
Industry,433
Industry,113
Industry,75
Industry,105
Other,461
Industry,29
Other,167
Other,67
Other,53
Industry,216
Other,8
Industry,5
Industry,32
Other,130
Industry,104
Other,257
Other,50
Industry,81
Industry,520
Industry,84
Industry,47
NIH,9
Industry,82
Industry,74
Industry,7
Industry,29
Industry,113
Other,160
Industry,5
Other,43
Industry,216
Industry,292
Industry,80
Other,117
Other,24
Industry,7
Industry,579
Other,24
Industry,215
Industry,83
Other,50
Other,44
Other,656
Other,122
Other,216
Other,101
Industry,205
Industry,29
Other,78
Industry,32
Industry,17
Industry,25
Industry,204
Industry,20
Other,28
Industry,289
Other,19
NIH,23
Other,67
Other,1161
Industry,70
Other,335
Industry,24
Industry,284
Industry,66
NIH,8
Other,100
Industry,109
Industry,16
Industry,8
Industry,135
Industry,85
Other,31
Industry,395
Other,37
Industry,71
Other,35
Industry,43
NIH,126
Industry,988
NIH,11
Industry,119
Industry,25
Other,33
Industry,97
Industry,240
Industry,69
Other,109
Industry,34
NIH,6
Other,25
Other,46
Other,70
Other,23
Industry,62
Other,37
Other,166
Industry,77
Industry,243
Industry,68
NIH,29
Industry,86
Industry,381
Other,73
Other,26
Industry,91
Other,15
Industry,42
Other,224
Other,5
Industry,78
Other,426
Industry,1733
Industry,20
Industry,33
Industry,47
Industry,102
Industry,39
Industry,1004
Industry,17
Industry,126
Industry,682
Industry,31
Industry,101
Other,77
Other,194
Industry,67
Other,87
Other,40
Industry,28
Other,121
NIH,987
Industry,227
Industry,310
Other,28
Other,463
Industry,184
Industry,42
Industry,11
Industry,57
Other,103
Other,27
Industry,140
Other,597
Other,15
Industry,92
Other,31
Industry,679
Other,7
Industry,791
Industry,5
NIH,56
Other,182
Other,17
Other,42
Industry,133
Industry,253
Other,116
Industry,93
Other,148
Industry,87
Industry,58
NIH,41
Industry,98
Other,1396
Industry,108
Other,51
Industry,48
Other,41
Industry,192
NIH,21
Industry,25
Industry,85
Industry,151
Other,1808
Industry,47
Industry,42
Industry,9
Industry,144
Industry,308
Industry,259
Industry,64
Industry,16
Industry,68
Industry,196
Industry,54
Industry,5
Other,39
Other,119
Industry,89
Industry,153
Industry,384
Industry,345
Other,34
Other,22
Industry,53
Industry,14
NIH,75
Other,45
Industry,42
Other,88
NIH,26
Other,15
Industry,248
Industry,188
Other,45
Industry,5
NIH,585
Other,217
NIH,409
Industry,39
Other,103
Industry,132
Industry,98
Other,36
Industry,212
Industry,46
Industry,45
Other,20
Industry,230
Industry,146
Industry,56
Industry,864
Other,22
Other,47
Other,44
Industry,23
Other,45
Other,112
Industry,66
Other,353
Other,11
Other,38
Other,20
Industry,27
Other,148
Other,68
Other,15
Industry,9
Industry,45
Industry,322
Other,172
Industry,178
Industry,45
Industry,18
Industry,164
Industry,63
Industry,200
Other,50
Industry,662
Other,164
Other,35
Other,497
Industry,93
Other,20
Other,231
Industry,23
Other,6
Industry,211
Industry,97
Industry,14
Industry,51
Other,126
NIH,172
Other,58
Other,27
Other,64
Other,1024
Other,5
Industry,56
Industry,259
Other,84
NIH,661
Industry,211
Other,37
Other,5
Other,254
Other,32
Other,897
Industry,532
Industry,45
Industry,79
Industry,71
Industry,32
Industry,12
Industry,69
Other,46
Other,52
Industry,18
Industry,100
Industry,26
NIH,19
Other,58
Industry,185
Other,128
Industry,68
Other,36
NIH,46
Other,10
Industry,17
Other,330
Other,22
Industry,72
Other,27
Industry,853
Other,462
Industry,268
Industry,61
Other,5
Industry,69
Industry,481
Industry,1417
Industry,23
Industry,473
Other,640
Other,31
Other,13
Other,23
Other,38
Other,130
Other,60
Other,22
Industry,37
Other,35
Industry,56
Industry,492
Other,63
Industry,45
Industry,16
Industry,112
Other,102
Other,32
Industry,35
Other,10
Industry,337
Industry,105
Industry,283
Industry,681
Other,5
Industry,92
Industry,67
Other,94
Industry,144
Industry,95
Industry,61
Other,200
Industry,81
Industry,85
Industry,48
Other,51
NIH,10
Other,45
Industry,171
Other,68
Other,47
Other,13
Industry,108
Industry,134
Industry,35
Industry,106
Industry,1609
Other,92
Industry,237
Other,31
NIH,129
Industry,181
Other,158
Other,11
Other,83
Other,67
Industry,82
Other,308
NIH,66
NIH,95
Other,116
Industry,46
NIH,16
Other,43
Other,137
Other,59
Industry,216
Industry,24
Industry,16
Industry,58
Industry,32
Industry,103
Industry,83
Industry,102
Other,107
Other,206
Industry,41
Industry,345
Other,38
Other,5
Industry,147
Other,29
Industry,52
Other,37
Other,14
Industry,55
Industry,182
Other,126
Other,26
Industry,338
Industry,94
Industry,168
Other,203
Other,88
Other,76
Industry,67
Industry,108
Other,27
Industry,130
Industry,38
Other,55
Industry,22
Industry,5
Other,283
NIH,149
NIH,65
Industry,59
Industry,75
Industry,51
Industry,21
Industry,170
Other,106
Industry,435
Other,5
Other,65
Industry,19
Industry,52
Industry,54
Other,128
NIH,45
Industry,26
Industry,83
Industry,315
Industry,17
Other,21
Other,5
Industry,91
Other,17
Other,38
Industry,46
Industry,260
Other,10
Industry,37
Industry,75
Other,8
Other,202
Industry,425
Other,5
Industry,347
Industry,25
NIH,325
Other,55
Other,13
Industry,132
Other,51
Other,20
Other,7
Other,65
Other,69
Industry,367
Industry,27
Industry,271
Other,63
Industry,153
Industry,19
Industry,21
Industry,65
Industry,49
Other,175
Other,25
Other,22
Industry,35
Industry,37
Other,11
Other,66
Other,46
Industry,73
Industry,15
Industry,155
Industry,499
Industry,146
Industry,42
Other,96
Industry,71
Industry,57
Other,399
Other,98
NIH,149
Industry,523
Other,25
NIH,8
Industry,170
Industry,151
Industry,87
Other,53
Industry,11
Industry,29
Other,228
Other,32
Industry,25
Other,173
Industry,89
Other,12
Other,32
Industry,41
Industry,436
Other,82
Industry,12
Industry,10
Other,51
Other,73
Other,159
Other,252
Industry,10
Other,8
Other,50
Industry,55
Industry,253
Other,209
Industry,1058
Other,25
Other,10
Industry,43
Other,21
Industry,10
Other,102
Industry,36
Industry,52
Industry,211
Industry,349
Other,41
Other,32
NIH,12
NIH,17
NIH,23
Industry,23
Industry,18
Industry,8
Other,351
Other,46
Other,16
Industry,171
Industry,149
Other,118
Other,68
Other,38
Industry,116
Other,5
Industry,156
Industry,86
Industry,17
Industry,84
Industry,304
Industry,26
Industry,134
Industry,72
Other,802
Industry,59
Industry,56
Industry,22
Other,17
Other,183
Industry,241
NIH,100
Industry,204
Other,14
Industry,446
Industry,282
Industry,558
Other,43
Industry,54
Other,108
Industry,381
Other,5
Industry,282
Other,114
Industry,376
Other,55
Industry,27
Other,34
Industry,36
Other,50
Industry,71
Other,27
Other,132
Industry,163
NIH,190
Other,365
Other,9
Industry,51
Other,21
Industry,938
Industry,238
Industry,211
Industry,5
Industry,66
Industry,51
Industry,1224
NIH,6
Industry,36
NIH,6
Other,21
Other,21
Other,84
Other,105
NIH,8
Industry,94
Industry,596
Other,6
Other,82
Other,7
Other,13
Other,119
Other,97
Industry,77
Industry,44
Other,71
Industry,106
Other,34
Other,81
Industry,45
Industry,146
Industry,68
NIH,32
Other,20
Industry,12
Other,231
Industry,337
Industry,37
Other,29
Industry,257
Industry,127
Industry,13
Industry,594
Other,5
Industry,29
Other,191
Industry,248
Industry,102
Industry,440
NIH,16
Other,24
Other,306
Other,69
Other,18
Industry,1559
Other,12
Industry,182
NIH,35
Industry,196
Industry,100
Industry,43
Other,503
Other,290
Industry,292
Other,19
Industry,209
Industry,52
Industry,214
Other,172
Industry,36
NIH,358
Industry,40
Industry,29
Industry,195
Industry,304
Industry,78
Industry,186
Other,215
Other,6
Other,395
Other,209
Other,32
NIH,52
Other,44
Industry,14
Industry,22
Other,14
Other,70
Industry,47
Other,10
Industry,95
Other,19
Industry,98
Industry,75
Industry,28
Other,90
Other,105
Other,502
Other,10
Industry,80
Other,37
NIH,82
Industry,28
Other,32
Other,13
Industry,111
Other,281
Industry,38
Other,74
Industry,121
NIH,12
Other,125
Industry,152
Industry,182
NIH,39
Industry,143
Industry,73
Industry,216
Industry,544
Industry,110
Other,39
Other,31
Other,25
Other,104
Other,55
Other,19
NIH,5
Other,126
Industry,69
Other,12
Industry,390
Other,7
Other,11
Industry,11
Industry,34
Industry,118
NIH,187
Other,463
Industry,100
Other,37
Other,53
Other,28
Industry,29
Industry,52
Other,307
Industry,52
Industry,80
Other,20
Industry,131
Other,287
Industry,23
Other,33
Industry,218
Industry,341
Industry,211
Other,48
Other,129
Industry,63
Industry,73
Industry,146
Industry,354
NIH,71
Other,245
Industry,73
Industry,25
Other,290
Industry,217
Industry,908
Industry,50
Industry,160
Industry,46
Industry,140
Other,39
Industry,23
NIH,30
Industry,13
Industry,93
Other,227
Industry,391
Industry,11
NIH,152
Other,672
NIH,80
Industry,95
Industry,16
Industry,58
Other,5
Other,90
NIH,33
Industry,62
Industry,170
Other,69
Other,26
Industry,927
Industry,33
Industry,267
Industry,1106
Industry,119
Other,177
Industry,27
Other,171
Industry,320
Other,17
Industry,39
Industry,151
Other,92
Other,442
Industry,22
Industry,39
NIH,5
Other,42
Industry,73
Industry,64
Other,50
Industry,19
Industry,30
Industry,50
Other,34
Industry,5
Industry,405
Industry,230
Industry,23
Other,354
Industry,300
Other,124
Industry,38
Other,475
Industry,61
Other,109
Industry,487
Industry,21
Industry,14
Industry,126
Industry,5
NIH,63
Industry,98
Other,42
Other,122
NIH,9
NIH,397
Industry,19
Industry,30
Other,150
Other,245
Industry,90
Other,41
Other,10
Other,21
Other,26
Industry,452
Industry,140
Industry,406
Industry,129
Industry,270
Other,45
Other,18
Other,109
Other,10
Industry,137
NIH,60
Industry,51
Other,23
Other,57
Industry,123
Other,54
Industry,16
Industry,12
Other,64
Industry,5
NIH,587
Industry,60
Industry,134
Other,232
Industry,230
Other,437
Industry,157
Industry,785
Other,31
Industry,21
Other,92
Industry,80
Industry,201
Industry,78
Other,6
Industry,55
Other,14
Other,148
Industry,5
Industry,153
Industry,49
Industry,17
Industry,23
Industry,24
Other,166
Industry,49
Industry,169
Other,10
Other,20
Other,49
NIH,680
Industry,46
Industry,203
Industry,401
NIH,7
NIH,129
Industry,111
Industry,10
Other,103
Other,44
Industry,167
Industry,25
Industry,128
Other,29
Industry,17
Other,203
Industry,23
Industry,561
Other,34
Industry,269
NIH,193
Industry,13
Industry,20
Other,86
Industry,285
Industry,24
Other,10
NIH,12
Industry,114
Other,25
NIH,79
Industry,6
Industry,5
Industry,252
Other,7
Industry,24
Other,1652
Other,6
Other,123
Industry,97
Other,68
Industry,26
Other,129
Industry,348
Other,494
Other,26
Industry,49
Other,43
Industry,38
Other,97
Industry,52
NIH,143
Industry,301
Industry,512
Other,17
Industry,5
Industry,54
Other,23
Industry,776
Industry,45
Industry,14
NIH,5
Other,209
Other,96
Industry,145
Industry,78
Industry,63
Other,5
Other,5
Industry,144
Industry,86
Other,179
Other,121
NIH,47
Industry,79
Other,182
Other,86
Industry,178
Industry,30
Industry,73
Industry,113
Other,270
NIH,269
Other,37
Industry,58
Industry,260
Other,28
Other,73
Industry,286
Industry,547
Industry,43
Industry,9
Industry,91
Other,424
Industry,29
Other,38
Industry,54
Other,245
Industry,396
Industry,86
Industry,37
NIH,20
Industry,103
Other,5
Industry,90
Other,67
Industry,182
Other,44
Other,26
Industry,21
Other,22
Industry,17
Other,50
Industry,86
NIH,108
Other,16
Industry,19
Industry,108
Industry,89
Industry,13
Other,202
Other,16
Other,57
Industry,20
Industry,68
Other,26
Industry,10
Industry,619
Industry,107
Industry,52
Other,5
Industry,127
NIH,24
Other,45
Industry,90
Other,91
Other,31
Industry,50
Industry,42
Other,290
Industry,72
Other,89
Other,74
Industry,167
Industry,205
Other,22
Industry,1959
NIH,72
Industry,29
Industry,33
Other,27
Industry,69
Industry,27
NIH,27
NIH,46
Other,132
Other,41
Industry,37
Other,12
Industry,32
Industry,23
Other,17
Industry,80
Industry,404
Industry,118
Other,18
Other,260
Industry,194
Industry,586
Industry,666
Industry,17
Industry,13
Industry,27
Industry,331
Industry,66
Industry,220
Industry,104
Industry,165
Industry,23
Industry,102
NIH,734
Other,21
NIH,212
Industry,321
Other,37
Other,5
Industry,56
Other,34
Industry,268
Industry,50
NIH,7
NIH,47
Other,1033
Industry,37
Industry,47
Other,19
Industry,2012
Industry,55
Other,32
Other,63
Industry,388
Other,5
Other,172
Industry,68
Industry,188
NIH,36
Other,139
NIH,256
Other,23
Industry,155
Industry,56
Industry,52
Industry,235
Industry,531
Other,180
Other,388
Industry,220
Industry,183
Industry,18
Industry,95
Other,5
Industry,208
Industry,165
Other,20
Industry,91
Other,26
Industry,220
Other,8
Other,180
Industry,168
Other,413
NIH,84
Industry,6
Industry,374
Other,64
Other,28
NIH,218
Industry,12
Other,27
Other,135
Industry,81
Industry,12
Industry,352
Other,1110
Other,180
Industry,649
Other,317
Industry,86
NIH,45
Other,156
Other,155
Other,48
Other,19
NIH,5
Other,1012
Industry,94
Industry,50
Industry,274
Industry,253
Other,95
Industry,516
Other,122
Other,479
Industry,5
NIH,11
Industry,10
Other,239
Industry,118
Other,118
Other,5
Industry,42
Industry,112
Industry,209
Other,5
Other,42
Industry,21
Industry,10
Other,8
Other,6
NIH,70
Other,53
Industry,26
Other,61
Industry,77
Industry,237
Other,9
Other,109
Industry,67
Industry,212
NIH,58
Industry,172
Other,96
Industry,10
Other,63
Industry,117
Industry,11
Other,359
Industry,117
Other,7
Other,328
Industry,124
Other,60
Industry,858
Industry,85
Industry,47
Other,85
Industry,2170
Industry,21
Industry,119
Other,93
Other,29
Industry,786
Industry,30
Industry,59
Other,7
Other,73
Industry,85
Industry,71
Other,111
Industry,19
Other,5
Industry,345
Industry,74
Industry,5
NIH,20
Industry,190
Industry,164
Industry,383
Other,44
Industry,75
Other,46
Industry,87
Other,16
Industry,269
NIH,160
Other,28
Industry,43
Other,222
Other,68
Other,153
Other,6
Other,90
Other,69
Industry,67
Other,54
Other,37
Other,81
Other,21
Industry,29
Industry,160
Industry,59
Industry,37
Industry,23
NIH,19
Industry,35
Industry,35
Other,17
Other,66
Industry,136
Industry,658
Industry,15
Other,513
Other,306
Industry,20
Industry,219
Industry,2987
Industry,70
Industry,108
NIH,1353
Industry,33
Industry,1195
Industry,293
Other,7
Industry,371
Industry,165
Industry,10
Other,63
Industry,112
Other,42
Other,22
NIH,80
Other,47
Industry,31
Other,153
Industry,94
Industry,83
Other,31
Other,42
Industry,50
NIH,12
Other,49
Industry,56
Other,162
Industry,84
Industry,47
Industry,67
Industry,21
Industry,127
Other,97
Industry,871
Industry,30
Other,36
Industry,13
Other,150
Industry,112
Other,30
Other,47
Other,56
Industry,39
Other,111
Industry,226
Industry,17
Industry,147
Industry,44
Industry,48
Other,507
Other,5
Industry,60
Other,276
Industry,63
Other,110
Industry,110
Other,19
Other,10
NIH,29
Other,9
Industry,66
Other,261
Other,126
Industry,86
Industry,313
Industry,37
Industry,67
Other,22
Industry,238
Other,399
Other,16
Other,499
Industry,36
Industry,43
NIH,241
Industry,33
Industry,94
Industry,562
Other,90
Industry,1113
Industry,256
Other,628
Industry,53
Other,7
Industry,256
Industry,170
Other,96
Other,7
Industry,56
Other,280
Industry,48
Industry,77
Industry,12
Other,5
Industry,25
Industry,37
Industry,183
Industry,291
Industry,35
Other,118
Other,6
Industry,36
Other,133
Industry,88
Other,76
Other,173
NIH,244
Other,96
Other,200
NIH,2027
Other,130
Industry,126
Industry,52
Other,27
Industry,123
Other,16
Other,308
Industry,23
Industry,61
Other,102
Industry,193
Industry,387
NIH,118
NIH,66
NIH,74
Other,96
Industry,101
Industry,654
Other,230
Industry,56
Industry,79
Industry,70
Other,14
NIH,10
Other,77
Industry,258
Other,68
Industry,46
Other,5
Other,44
Other,12
Other,204
Other,8
Other,44
Industry,47
NIH,19
Industry,11
Other,272
Other,23
NIH,109
Industry,116
Industry,80
Other,184
Industry,146
NIH,368
NIH,11
Industry,46
Industry,16
Industry,273
Other,69
Other,40
Other,15
Industry,119
Industry,125
Other,59
Industry,58
Industry,234
Industry,160
Industry,270
Industry,36
Industry,746
NIH,10
NIH,69
Industry,58
Industry,48
Industry,22
Industry,205
Industry,165
Industry,43
NIH,277
Industry,7
Industry,169
Other,193
Other,113
Industry,164
Industry,223
Industry,35
Industry,24
Industry,74
NIH,16
Industry,22
Industry,193
Other,57
NIH,144
Industry,21
Industry,314
Other,63
Industry,19
Other,172
Industry,198
Industry,262
Industry,71
Other,102
Other,5
Other,61
Industry,96
Other,17
Industry,47
Other,11
Other,34
Other,66
Industry,47
Industry,26
Industry,56
Industry,202
NIH,19
Other,14
Industry,55
Other,40
Other,22
Industry,34
Other,13
NIH,91
Industry,393
Industry,1417
NIH,154
Other,13
Industry,113
NIH,960
Other,134
Industry,49
Other,5
Other,93
Other,133
Industry,48
Industry,58
Industry,105
Industry,45
Industry,71
Other,132
Industry,74
Industry,669
NIH,50
Other,136
Industry,693
Industry,94
Other,20
Industry,62
Industry,158
Other,40
Industry,94
Other,157
Other,236
Industry,43
Industry,100
Other,9
Industry,68
Other,22
Industry,606
NIH,305
Other,5
Industry,183
Industry,88
Industry,745
Other,16
Industry,153
Other,695
Industry,43
Other,18
Industry,53
Other,185
Industry,74
Industry,73
Industry,92
NIH,32
Other,346
Industry,1821
Industry,21
Industry,128
Industry,118
Industry,115
Industry,123
Other,222
Industry,216
Other,50
Industry,127
Industry,29
Other,33
Other,5
Industry,314
Industry,212
Industry,21
Industry,38
NIH,32
Industry,14
Other,232
Industry,512
Industry,91
Industry,78
Industry,383
Industry,33
Industry,17
Industry,119
Other,93
Industry,141
Other,21
Other,7
Industry,610
NIH,104
Industry,632
Industry,101
Industry,309
Industry,142
NIH,33
Industry,3564
Industry,67
Industry,63
Other,26
Other,21
Other,41
Other,37
Industry,47
Industry,44
Industry,68
Other,31
Industry,85
Industry,55
Other,58
Other,9
Other,79
Industry,1110
Industry,677
Other,36
NIH,10
Industry,151
Industry,153
Industry,6
Other,27
Industry,63
Other,105
Industry,21
Industry,35
Industry,338
Industry,141
Other,252
Industry,340
Other,7
Other,126
NIH,51
Industry,131
Industry,77
Other,196
Other,326
Industry,22
Other,40
Industry,225
Other,11
NIH,36
Industry,25
Industry,152
Other,10
Industry,5
Industry,11
Other,70
Industry,98
Other,166
NIH,16
Other,18
Industry,137
Industry,166
Other,38
Industry,23
Industry,22
Other,25
Industry,26
Other,13
Industry,50
Other,10
Industry,43
Industry,37
Industry,296
Other,9
Industry,276
Industry,44
NIH,112
Other,15
Other,47
Other,97
Industry,303
Other,6
Other,13
Other,5
Other,109
Industry,122
Industry,49
NIH,5
NIH,34
Other,102
Other,98
Other,11
Industry,202
Industry,982
Industry,36
Other,24
Other,112
Industry,91
Industry,130
Industry,21
Other,30
Other,39
Industry,142
Other,170
Industry,150
Other,190
Industry,240
Industry,109
Industry,229
Industry,561
Industry,80
Industry,748
Industry,45
Industry,49
Other,48
NIH,106
Industry,88
Industry,313
Industry,51
NIH,364
Other,61
Industry,34
Other,534
Industry,410
Other,107
NIH,432
Other,24
Industry,56
Industry,240
Industry,173
Industry,215
NIH,110
Industry,113
NIH,34
Industry,149
NIH,643
Other,20
Other,199
Industry,25
Industry,84
Industry,88
Other,9
Industry,192
Other,16
Industry,101
Industry,143
Industry,98
Industry,306
Industry,23
Other,23
Other,233
Other,133
Industry,34
Industry,26
Industry,17
Industry,56
Industry,94
Industry,27
Other,10
NIH,68
Other,40
Industry,76
Other,57
Industry,114
Industry,20
Industry,47
Other,572
Industry,328
Industry,194
Industry,115
Industry,25
Industry,34
Industry,81
Industry,159
Industry,42
Industry,22
Industry,43
Industry,62
Other,25
Industry,45
Other,138
Other,388
Other,5
Industry,112
Industry,111
Other,94
NIH,223
Other,24
Industry,76
Industry,36
Other,25
Other,105
NIH,364
Other,30
Other,103
Other,36
Industry,19
Industry,390
Other,53
NIH,25
Other,74
Industry,114
Industry,1695
Industry,112
Other,15
Industry,52
Industry,65
Industry,132
Industry,200
Other,7
Industry,18
Industry,107
Other,19
Industry,267
Industry,123
Industry,31
Other,23
Other,63
Other,6
Other,116
Industry,295
Other,74
Other,428
Other,7
NIH,46
Industry,392
Industry,97
NIH,269
Other,29
Other,213
Industry,80
Industry,68
Other,5
Industry,56
Other,58
Other,76
Other,44
Other,38
NIH,23
Other,6
Other,162
Industry,164
Other,53
Industry,176
Industry,72
Industry,52
Other,66
Other,35
Industry,186
Industry,132
Industry,35
Industry,11
Other,61
NIH,42
Industry,20
Other,37
NIH,34
Other,77
NIH,9
Other,9
Other,182
Other,229
Other,5
NIH,5
Industry,24
Industry,306
Industry,2313
Other,28
Industry,195
Industry,377
Industry,173
Industry,84
Other,65
Other,427
Industry,66
Industry,84
Industry,47
Other,5
Other,96
Industry,1234
Other,415
Other,11
Other,33
Industry,14
Industry,97
NIH,32
Other,61
Industry,86
Industry,170
Industry,91
Industry,392
Industry,124
NIH,160
Industry,143
Other,38
Other,57
Industry,70
Industry,76
Industry,70
Industry,28
Other,50
Industry,47
Industry,10
Industry,24
Other,26
Industry,25
Industry,166
Industry,13
Other,75
Industry,22
Industry,259
Industry,16
Industry,64
Industry,27
Other,92
Industry,227
Industry,54
Other,57
NIH,343
Other,17
Other,63
Industry,51
NIH,14
Other,25
Industry,56
Other,188
NIH,31
Industry,166
Industry,432
Industry,371
Industry,37
NIH,96
Industry,134
Other,56
Other,83
Industry,31
Industry,420
Other,71
Industry,31
Other,83
Other,87
NIH,731
Other,53
Industry,255
Industry,1119
Other,406
Industry,111
Industry,105
Other,23
Other,55
Industry,357
Other,122
Other,19
Industry,826
Other,80
Other,10
Other,275
Industry,17
Industry,155
Industry,65
Industry,111
Industry,140
Other,73
Industry,172
Industry,211
Industry,43
Other,134
Industry,68
Industry,49
Industry,142
Industry,39
Other,38
Industry,32
Industry,99
Industry,181
Industry,80
Industry,72
Industry,83
Other,333
Industry,148
Industry,41
Industry,131
Other,43
Industry,21
Other,524
Other,23
Industry,518
Industry,198
Industry,107
Other,19
Industry,29
Other,17
Industry,1972
Industry,19
Other,248
Other,143
Industry,30
Industry,149
Other,12
NIH,212
Industry,1046
Industry,45
Other,6
NIH,203
Other,213
NIH,55
Other,29
Other,466
Industry,33
Other,42
NIH,47
Industry,25
Other,28
Industry,120
Industry,131
Other,93
Other,52
Industry,5
Other,13
Other,23
Other,690
NIH,69
Industry,240
Industry,64
Other,38
Other,12
Industry,65
Other,229
Industry,1358
Other,291
Industry,25
Other,187
Industry,2597
Other,148
Industry,19
Industry,39
Industry,249
Other,69
Industry,177
Other,466
Other,159
Other,18
Other,17
NIH,42
Other,24
Other,85
Industry,84
Industry,173
NIH,16
Industry,65
Industry,1176
Other,39
Industry,1794
Other,26
Other,6
Industry,58
Other,7
Other,19
Other,11
Industry,61
Industry,58
Other,58
Industry,970
Industry,21
Industry,65
Other,189
Industry,651
Industry,97
Industry,88
Industry,16
Industry,663
Industry,14
Industry,451
Other,46
Industry,46
Industry,30
NIH,159
Other,35
Industry,152
Industry,123
Industry,910
Other,25
Industry,252
Industry,1565
Industry,490
Industry,53
Industry,148
NIH,33
Other,346
Industry,35
Other,156
Industry,46
Other,75
Industry,47
Other,151
Other,5
Industry,597
Industry,38
Industry,48
Industry,46
NIH,76
Industry,281
Industry,131
Other,63
Other,134
Other,24
Industry,37
Industry,882
Other,589
Industry,85
Other,54
Other,382
Industry,33
Industry,587
Industry,63
Industry,153
Industry,43
Other,320
Industry,45
Industry,144
Industry,62
Industry,550
Industry,39
Other,15
Industry,181
Other,44
Other,15
Other,26
Other,241
Other,52
Industry,173
Other,58
Other,23
Other,31
Industry,35
Other,45
Other,80
Industry,240
Industry,79
Industry,15
Industry,31
Industry,533
Industry,59
Industry,131
Other,118
Industry,71
Industry,223
Other,163
Other,127
Other,69
Other,11
Other,57
Industry,98
Other,21
Industry,79
Industry,56
Industry,190
Industry,12
Other,516
Industry,36
Industry,501
NIH,6
Industry,45
NIH,81
Industry,69
Industry,71
Industry,773
NIH,12
Other,25
Other,14
Industry,1226
NIH,96
Industry,15
Industry,14
Industry,299
Industry,429
NIH,27
Other,41
Industry,111
Other,5
Other,313
Industry,290
Industry,33
Industry,164
Other,148
Other,34
Industry,88
Other,60
Industry,155
Industry,705
Other,38
Other,922
Industry,651
Industry,91
Other,29
NIH,130
Industry,36
Industry,549
Other,78
Other,19
Industry,136
Industry,28
Other,287
Other,125
Other,236
NIH,11
Other,16
Other,17
Other,198
Industry,33
Industry,114
Other,201
Industry,63
Industry,489
Industry,60
Industry,286
Industry,140
Industry,36
Industry,17
Industry,19
Industry,335
Industry,52
Industry,24
Other,14
Industry,165
Industry,108
Other,108
Other,62
Industry,1667
Industry,5
Other,145
Other,9
Industry,150
NIH,153
Industry,233
Other,53
Industry,44
Industry,2702
Other,758
Other,143
Industry,178
Industry,23
Other,68
Other,10
Industry,62
Industry,78
Industry,195
Industry,97
Other,473
Industry,186
Other,88
Industry,357
Industry,269
Industry,17
Other,68
Industry,108
Industry,218
Industry,442
Industry,256
Other,255
Industry,42
Other,87
Industry,343
Industry,265
NIH,36
Industry,6
NIH,5
Other,39
Other,51
Industry,10
Other,48
Other,1138
Industry,89
NIH,323
Other,32
Other,5
Industry,46
Industry,122
Industry,502
Other,900
Other,75
Industry,1085
Other,8
Industry,99
Other,396
Industry,46
Industry,73
NIH,43
Other,267
Industry,34
Other,81
Industry,31
Other,82
NIH,125
Industry,165
Other,35
Industry,76
Industry,39
Industry,21
Industry,49
NIH,111
Other,44
Other,30
Industry,166
Industry,131
Other,28
Other,32
Other,12
Other,65
NIH,88
Industry,45
Industry,256
Industry,93
Other,26
Industry,78
Industry,106
Industry,109
Other,30
Industry,46
NIH,13
Industry,45
Other,57
Industry,66
Other,33
NIH,21
Industry,80
Industry,544
NIH,6
NIH,10
Other,30
Industry,112
NIH,6
Industry,87
Other,55
Industry,193
Other,23
Other,34
Other,8
Industry,440
Industry,29
Other,45
Other,53
Other,195
Other,417
Other,307
Other,785
Other,61
Industry,12
Other,74
Other,50
NIH,728
Other,52
Other,9
Industry,50
Industry,305
Industry,127
Other,92
Industry,196
Industry,384
Industry,767
Industry,99
Other,60
Other,206
Other,69
Other,552
Industry,374
Other,78
Industry,439
Industry,358
Other,107
Industry,149
Other,75
Industry,66
Other,101
Industry,281
Industry,43
Industry,40
Industry,66
Other,21
Industry,13
Industry,169
Other,2632
Other,131
Industry,71
Industry,173
Other,13
NIH,370
Industry,43
Other,209
Industry,83
Industry,79
Industry,57
Other,27
Industry,19
Industry,63
NIH,20
Industry,152
Industry,101
Industry,293
Industry,179
Industry,24
Other,33
Other,103
Other,70
NIH,131
Industry,316
Other,174
Industry,40
Industry,75
NIH,325
Industry,108
Industry,481
Other,187
Industry,1771
Industry,542
Industry,48
Industry,455
Other,103
Industry,43
Other,141
Industry,536
NIH,50
Industry,219
Industry,79
Other,30
Other,676
NIH,61
Industry,73
Industry,162
Industry,63
Industry,5
Other,34
Other,269
NIH,5
Industry,17
Other,14
Industry,397
Other,15
Industry,161
Industry,123
NIH,255
Other,75
Industry,55
Industry,92
Industry,271
Industry,79
Other,99
NIH,24
Industry,216
Industry,60
Other,6
NIH,124
Other,22
Industry,16
Industry,134
Industry,137
Industry,49
Industry,100
Industry,202
Other,137
Other,17
Industry,353
Industry,58
Industry,128
Industry,61
Other,9
Industry,66
Other,180
Industry,55
Industry,779
Industry,7
Industry,12
Industry,16
Other,73
Other,89
Industry,177
Other,26
Industry,80
Other,111
Other,34
Industry,168
Other,43
Industry,520
Industry,91
Industry,42
Industry,75
Other,5
Other,5
NIH,848
Other,47
Industry,261
NIH,37
Industry,61
Other,98
Industry,93
Industry,163
Other,14
Other,399
Industry,69
Other,262
Other,152
Industry,143
Other,23
Other,22
Other,10
Other,14
Industry,68
Other,402
Industry,447
Industry,397
Industry,34
Industry,55
Industry,166
Industry,43
Other,34
Industry,147
Industry,11
Other,13
Industry,52
NIH,333
Other,76
Industry,47
Industry,16
Other,38
Industry,165
NIH,20
Other,124
Other,36
Other,50
Industry,20
Other,20
NIH,91
Other,616
Industry,29
Industry,250
Industry,21
Industry,578
Industry,1980
Industry,50
Other,22
Industry,78
Other,116
Industry,324
Industry,51
Industry,523
Other,81
Industry,62
Industry,82
Other,230
Other,832
Industry,47
Other,107
Industry,25
Industry,34
NIH,5
Other,13
Industry,81
Other,19
Other,45
NIH,27
Other,14
Industry,110
Industry,141
Other,129
Industry,965
Industry,153
Other,26
NIH,151
NIH,56
Other,5
Other,21
Industry,125
Industry,77
Other,20
Industry,316
Industry,31
Industry,159
Industry,456
Other,64
Industry,82
Industry,80
Other,21
Industry,26
Other,67
NIH,128
Other,250
Other,106
Industry,423
Other,154
Other,27
Industry,129
Other,31
Industry,31
Industry,29
Other,97
Industry,91
Other,50
Other,22
Industry,218
Industry,1073
Industry,79
Industry,339
Industry,251
Industry,416
Industry,238
Other,16
Other,41
Industry,17
Industry,847
Other,83
Industry,96
Industry,14
Industry,59
Industry,176
NIH,102
Industry,697
Industry,45
Industry,189
Other,191
NIH,28
Other,155
Industry,18
Other,7
Industry,193
Industry,83
Industry,42
Industry,48
Other,16
Industry,54
Other,295
Industry,63
Industry,278
Industry,1046
Other,98
Industry,127
Industry,465
Industry,691
Industry,132
Industry,119
Other,20
Other,39
Other,46
Other,58
Industry,107
Other,15
Industry,13
Other,65
Industry,314
Industry,131
Other,319
Other,573
Industry,96
Other,146
Industry,87
Industry,14
Other,36
Industry,47
Industry,91
Other,5
Other,160
Industry,55
Other,313
Other,87
Other,20
Industry,81
NIH,13
Industry,169
Other,15
Other,28
Other,63
Other,78
Other,8
Other,132
Industry,48
Other,100
Other,14
NIH,65
Other,180
Other,17
Other,183
Other,399
Industry,84
Other,24
Other,14
Other,8
Other,50
Industry,121
Other,180
Industry,382
Industry,19
Industry,483
Other,28
Industry,20
Industry,23
Other,310
Industry,31
Other,959
NIH,65
Industry,66
Industry,89
Other,131
Industry,285
Industry,95
Industry,93
Other,27
Other,25
Other,8
Other,82
Industry,37
Industry,208
Industry,84
Industry,231
Industry,10
Industry,30
Other,30
Other,80
Industry,27
Other,219
Industry,672
Industry,38
Industry,273
Industry,131
Industry,53
Industry,636
Industry,135
Other,6
Industry,50
Industry,586
NIH,46
Industry,5
NIH,77
Industry,24
Other,15
Industry,48
Industry,23
Other,50
Other,10
Industry,36
Industry,13
Industry,59
NIH,7
Other,222
Other,25
Industry,78
Industry,82
Industry,145
Other,24
Industry,149
Other,98
Other,217
Industry,7
Other,102
Industry,114
NIH,45
Other,50
Industry,113
Industry,36
Industry,23
Industry,104
Other,56
Industry,112
Other,18
Industry,193
Other,127
Other,61
Other,230
Other,481
Industry,106
Industry,31
Industry,15
Other,162
Industry,254
Industry,37
Industry,40
Industry,82
Other,31
Industry,215
Other,53
NIH,155
Industry,132
Other,134
Industry,139
Industry,76
NIH,144
Other,11
NIH,18
Other,91
Other,216
Other,308
Industry,75
Industry,91
Industry,86
Industry,43
Other,85
Other,116
Other,31
Industry,27
Other,56
NIH,5
Industry,878
Industry,30
Other,48
Industry,24
Industry,354
NIH,109
Industry,43
Industry,582
Other,51
NIH,61
Industry,39
Other,422
Industry,45
Industry,146
Industry,86
Industry,1479
Other,34
Other,85
Industry,17
Industry,121
Other,18
Industry,60
Industry,128
Industry,89
Other,230
Other,118
Other,166
Industry,38
Industry,102
Industry,366
Industry,73
NIH,28
NIH,48
Industry,55
Other,48
Other,12
Industry,144
Other,26
Industry,60
Other,246
Other,33
Other,102
Industry,346
Industry,169
Industry,23
Other,87
Other,38
Industry,97
Other,110
Industry,428
NIH,61
Other,9
Industry,60
Industry,25
NIH,36
Industry,243
Other,1406
Industry,47
Industry,47
Other,12
NIH,292
Industry,186
Industry,68
Other,139
Industry,177
Industry,42
Industry,102
Industry,84
NIH,386
NIH,153
Industry,290
Other,120
Industry,70
Industry,27
Industry,183
Other,22
Other,67
Industry,35
Industry,484
Industry,870
Industry,46
Industry,119
Industry,46
Industry,63
Other,42
Industry,17
Industry,25
Other,15
Other,47
NIH,107
Other,25
Industry,9
Industry,41
Other,497
Industry,13
Industry,139
Other,630
Other,295
Industry,48
Industry,64
Other,71
NIH,38
Other,204
Industry,245
Other,17
Industry,40
Industry,77
Other,21
Other,54
Other,72
Other,99
Industry,68
Industry,87
Industry,37
Industry,241
Other,47
Industry,14
Industry,50
Industry,171
Industry,91
Industry,27
Other,45
Other,18
Industry,180
Industry,229
Other,32
Industry,603
Other,36
Other,36
Industry,30
Industry,36
Industry,23
Other,94
Industry,223
Industry,34
Other,27
Other,30
Other,14
Industry,54
Other,716
Other,23
Industry,19
Industry,29
Industry,118
Other,58
Industry,245
Industry,784
Other,6
Industry,52
Other,55
Other,29
Industry,19
NIH,140
Other,18
Industry,256
Industry,64
Industry,254
Other,76
Industry,173
Industry,138
Industry,86
Other,15
Industry,145
Other,87
Industry,36
Industry,7
Industry,41
Other,63
Industry,110
Other,35
Industry,41
Industry,70
Other,254
Industry,1247
NIH,337
Other,173
Industry,61
Industry,55
Other,69
Other,48
Other,28
Industry,143
Industry,171
Other,29
Other,367
Industry,328
Other,55
Industry,212
Industry,97
Other,39
Industry,140
Industry,37
Other,5
Industry,140
Other,218
Other,31
NIH,13
Industry,151
Industry,29
Industry,10
Industry,291
Other,16
Industry,17
Other,17
Other,5
Other,12
Other,68
Other,59
Other,97
Industry,115
Industry,38
Industry,237
Other,40
NIH,683
Other,10
Other,124
NIH,77
NIH,87
Other,46
Industry,186
Industry,153
Other,434
Industry,317
Industry,291
Industry,44
Other,5
Other,70
Other,69
NIH,7
Industry,869
Industry,24
Industry,107
Other,122
Industry,78
Other,129
Industry,83
Industry,119
Industry,18
Industry,132
Industry,17
Other,52
Industry,73
Other,49
Other,31
Industry,406
Other,42
NIH,202
Other,22
Industry,24
Industry,55
Industry,7
Industry,79
Industry,131
Industry,70
Industry,248
Other,72
Other,36
Industry,355
Other,40
NIH,5
Industry,444
Industry,82
NIH,10
Industry,55
Industry,55
Industry,252
Other,58
Other,27
NIH,268
Other,148
Industry,48
Industry,92
Industry,65
Other,27
Industry,42
Industry,57
Industry,235
Industry,575
Industry,8
Industry,58
NIH,85
Other,103
Other,61
Other,78
Industry,19
Industry,408
Other,128
Other,257
Industry,399
Industry,57
Industry,93
NIH,65
Industry,1204
Industry,230
Other,5
Industry,71
Industry,11
Industry,46
Industry,301
Other,9
NIH,20
Other,77
Other,103
Industry,75
Industry,797
Other,88
Industry,17
Other,248
Industry,14
Industry,17
Industry,117
Other,43
Other,72
Industry,250
Industry,135
Other,125
Industry,78
Industry,475
Industry,60
Industry,14
Other,90
Other,195
Other,250
Other,399
Other,5
Other,8
Industry,54
NIH,358
Other,50
Industry,20
Industry,55
Other,347
Other,31
Industry,98
Industry,143
Other,87
Other,13
Industry,22
Other,26
Other,71
Other,40
Other,13
Industry,70
Industry,356
Industry,53
Other,63
NIH,36
Other,60
Other,15
Other,23
Other,14
Industry,51
Industry,31
Other,188
Industry,55
Other,194
Industry,122
Industry,144
Industry,925
Other,79
Industry,295
Industry,163
Industry,25
Other,379
Industry,65
Industry,16
Other,112
Industry,65
Industry,22
Other,71
Industry,46
Other,52
Other,367
Other,186
Other,35
Industry,423
Industry,82
Industry,14
Industry,112
Industry,61
Industry,11
Other,22
Other,63
Other,40
Industry,31
NIH,1210
Other,54
Industry,41
Industry,125
Industry,101
Other,57
Industry,21
Other,21
Other,26
Industry,145
Industry,37
Industry,225
Industry,12
Other,34
Other,13
Industry,533
Other,21
Other,15
Industry,425
NIH,240
Industry,68
Industry,307
Industry,1860
NIH,17
Other,47
Industry,323
Other,73
Industry,44
Other,67
Industry,80
Other,385
Industry,174
Industry,84
Industry,123
Industry,122
Industry,28
Industry,190
NIH,34
Other,148
Industry,515
Industry,18
Industry,29
Industry,30
Industry,654
Other,88
Industry,55
Other,2006
NIH,44
Industry,116
Industry,921
Industry,59
NIH,106
Industry,37
Industry,30
Industry,39
Other,13
Industry,24
Industry,123
Industry,175
Industry,70
Other,168
Other,39
Other,86
Other,75
Other,372
NIH,43
Industry,262
NIH,56
Industry,61
Industry,50
Industry,39
Industry,62
Other,92
Other,24
Industry,30
Other,74
Industry,61
Industry,30
Other,95
Industry,122
Industry,140
Other,5
Industry,90
Industry,159
Industry,151
Industry,994
Other,71
Industry,362
Industry,1164
Other,59
Industry,85
Industry,333
Industry,65
Industry,206
Industry,192
Industry,13
NIH,160
Other,93
Industry,497
Industry,341
Other,17
Industry,289
NIH,217
Industry,673
Other,10
Other,27
Other,5
Other,208
NIH,1432
Other,537
Other,17
Industry,135
Other,296
Other,84
NIH,41
Other,122
Industry,137
Other,8
Industry,18
Industry,190
Other,8
Industry,249
Industry,20
NIH,536
Other,43
Industry,210
Industry,84
Industry,315
Other,48
Other,5
Other,174
NIH,417
Industry,14
Industry,419
Industry,248
Industry,13
Other,126
Industry,71
Industry,445
Other,25
Industry,210
NIH,28
Industry,9
Other,57
NIH,54
Other,78
Other,43
Industry,17
Industry,46
Industry,276
Industry,220
Industry,71
Other,32
Industry,237
Industry,462
Other,145
Other,55
Other,640
Industry,172
Other,81
Other,388
Industry,1802
Industry,450
NIH,111
Industry,151
Industry,529
Other,17
Other,109
Other,117
Industry,64
Other,9
Industry,194
Industry,86
Other,268
Industry,114
Other,9
Industry,411
Other,47
Industry,37
Other,191
Industry,104
Other,410
Industry,63
Other,134
Industry,149
Industry,200
Other,18
Industry,5
Industry,322
Industry,47
Industry,74
Other,42
Industry,126
Other,54
Other,46
Industry,109
Other,30
Industry,64
Industry,36
Industry,178
Other,13
Industry,48
Industry,112
Industry,776
Industry,17
Industry,58
Industry,244
Other,257
Other,33
Other,33
Industry,111
Other,53
Industry,81
Industry,529
Other,46
Industry,50
Industry,129
Industry,75
Industry,119
Industry,95
Industry,205
Industry,113
Industry,50
Industry,1080
Industry,482
Other,10
Other,43
Other,28
Industry,185
Industry,117
Industry,5
Other,84
Industry,182
Industry,180
Other,17
Industry,11
NIH,70
Other,16
Industry,34
Industry,15
Industry,249
Industry,51
Industry,161
Industry,67
Industry,45
Industry,49
Industry,62
Other,84
NIH,52
Industry,38
Other,36
Industry,9
Other,226
Other,9
Other,19
Industry,309
Industry,69
NIH,8
Other,14
Other,39
Industry,186
Industry,148
Industry,72
Industry,188
Industry,55
Other,37
Industry,654
Industry,37
Industry,74
Other,16
Other,450
Industry,143
Other,18
Industry,760
Other,94
Industry,5
Other,22
Industry,152
NIH,103
Other,311
NIH,22
Other,5
Other,58
Industry,76
Other,38
Industry,143
Other,126
Other,5
Industry,76
Industry,9
Other,42
Industry,248
Industry,343
Other,20
Other,144
Other,118
Other,108
NIH,30
Other,9
Other,408
Industry,731
Industry,148
Industry,72
Other,5
Industry,20
Other,58
Industry,28
Other,38
Industry,179
NIH,5
NIH,6
NIH,5
Industry,100
Industry,51
Other,114
Industry,259
Industry,197
Industry,115
Other,31
Industry,80
NIH,241
Other,58
Industry,15
Other,35
Other,258
Other,59
Industry,87
NIH,64
Other,56
Other,428
Industry,273
Industry,27
Other,53
Industry,451
Industry,60
Other,51
Industry,1443
NIH,119
Industry,92
Industry,345
Other,14
Industry,151
Industry,79
Other,109
Industry,88
NIH,83
Other,280
Industry,98
Industry,47
Other,99
Other,203
NIH,191
Industry,268
Industry,27
Other,68
Other,279
Other,35
Industry,56
Other,10
Other,79
Industry,173
Other,38
Industry,89
Other,42
Other,20
Other,169
Industry,62
Industry,113
Other,124
Industry,273
Other,47
Industry,59
Industry,73
Industry,111
Industry,144
Other,149
Other,109
Other,24
Other,77
Other,50
Industry,89
Other,38
Industry,56
Other,59
Industry,331
Other,12
Industry,37
Industry,18
Industry,1216
Other,61
Other,47
Industry,80
Other,83
Other,139
Industry,43
Industry,300
Other,15
Other,71
Industry,36
Industry,572
Industry,225
Industry,111
Other,62
Industry,43
Industry,153
Industry,13
Industry,133
Other,38
Industry,199
Other,62
NIH,38
Other,12
Industry,166
Other,123
Other,43
Industry,12
Industry,164
Industry,688
Industry,119
Other,5
Industry,19
Other,5
Industry,135
NIH,5
Industry,41
Industry,230
Industry,25
Other,27
Industry,104
Industry,327
Other,31
Other,18
Industry,64
Industry,106
Industry,93
Industry,568
Industry,163
Industry,428
Industry,55
Other,19
Other,52
Industry,56
Other,5
Other,10
Other,15
Industry,47
Other,41
Other,83
Industry,55
Other,253
Other,124
Industry,27
Other,12
Other,70
Other,104
Other,25
Other,19
Other,59
Other,8
Industry,24
Other,51
Industry,176
Other,207
Industry,54
Industry,35
Industry,147
Other,14
Industry,69
Industry,15
Industry,279
Industry,25
Industry,42
NIH,1008
Industry,130
Industry,61
Other,65
NIH,32
Industry,45
Industry,74
NIH,74
Other,188
Industry,442
Industry,36
Industry,264
Industry,190
Industry,81
Industry,104
Industry,48
Industry,125
Other,116
Industry,76
Industry,18
Industry,20
Other,47
Other,133
Other,19
Industry,58
Industry,17
Other,80
Other,45
Industry,576
Industry,57
Other,5
Other,52
Other,43
NIH,283
Industry,179
Industry,66
Other,99
Industry,195
Industry,85
NIH,220
Other,131
Industry,182
Other,551
NIH,60
Industry,185
Industry,234
Other,17
Other,24
Industry,346
Other,136
Industry,50
Other,105
Industry,170
Industry,567
Industry,105
Other,21
Other,13
Industry,42
Industry,23
Industry,169
Industry,206
NIH,1910
Other,16
Other,35
Industry,81
Other,147
NIH,46
Industry,62
Industry,20
Other,8
Industry,116
Industry,57
Other,129
Industry,12
Industry,160
Industry,86
Industry,15
Industry,48
Other,15
Industry,280
Industry,239
Other,337
Industry,90
Other,28
Other,152
Other,85
Other,56
Industry,56
Other,140
Other,65
Other,21
Other,264
Industry,108
Industry,752
Industry,413
Other,164
Industry,170
Industry,128
Industry,80
Other,64
NIH,396
Other,18
Industry,98
Industry,49
Industry,12
Industry,44
Industry,243
Other,47
Industry,61
Industry,249
Other,229
Industry,25
Industry,46
Other,42
Industry,194
Other,286
Other,470
Industry,102
Industry,20
Industry,132
Other,66
Industry,37
Industry,79
Industry,133
Industry,7
Industry,118
Other,593
Other,14
Other,15
Industry,24
Industry,179
Industry,42
Other,165
Other,29
Industry,66
Other,16
Other,724
Industry,114
Industry,246
Industry,14
Industry,214
Industry,44
Industry,226
Other,17
NIH,77
Other,140
Industry,59
Industry,34
Industry,304
Industry,118
Industry,108
Industry,127
Other,103
Industry,393
Industry,119
Industry,94
Industry,372
Industry,23
Industry,105
Industry,116
Other,17
Other,71
Industry,84
Industry,106
Other,426
Industry,53
Other,42
NIH,85
Other,26
Industry,210
Industry,201
Other,28
Other,30
Other,76
Industry,425
Other,33
Industry,194
Other,20
Other,22
Other,21
NIH,157
Industry,126
Industry,41
Other,56
Industry,46
Industry,55
Other,13
Industry,252
Industry,89
Other,230
Other,305
Other,138
Industry,36
Industry,40
Other,141
Industry,37
Other,381
Other,5
Industry,465
Industry,166
Industry,490
Industry,70
Industry,49
Other,10
Other,45
Industry,42
Industry,23
Industry,358
Other,59
Industry,69
Other,242
Industry,868
Industry,40
Industry,106
Industry,236
Industry,356
Industry,699
Other,5
Industry,144
Industry,178
NIH,67
NIH,389
Industry,650
Other,57
Other,40
Industry,112
Other,59
Other,6
Industry,234
Other,51
Industry,101
Other,93
Other,8
Industry,16
Industry,282
Industry,26
Industry,530
Other,10
NIH,100
Industry,45
Industry,99
Other,26
Industry,286
Other,178
Industry,200
Industry,132
Other,23
Other,261
Other,713
Other,76
Industry,46
Industry,93
Industry,16
Industry,142
Industry,7
Other,65
Industry,19
Industry,771
Industry,237
Other,388
Other,111
Industry,556
Industry,30
Industry,30
Other,101
Other,304
Industry,40
Industry,128
Industry,16
Industry,55
Other,132
Other,520
Other,5
Other,18
Industry,278
Industry,22
Industry,287
Other,5
Industry,45
Industry,67
Other,30
Industry,79
Industry,186
Industry,132
Industry,7
Industry,124
Other,81
Other,25
Industry,91
Industry,36
Industry,420
Other,58
NIH,5
Industry,142
Industry,489
Other,49
Industry,986
Industry,234
Industry,61
Industry,68
Industry,36
Industry,106
Industry,35
Industry,45
Industry,80
Industry,413
Industry,547
Other,18
Other,22
Industry,471
Other,107
Other,8
Other,100
Industry,76
Industry,134
Industry,64
Industry,143
Industry,21
Industry,374
NIH,165
Industry,104
Other,18
Other,239
Industry,42
Industry,8
Industry,79
Other,163
Industry,54
Industry,61
Industry,350
Other,15
Other,380
Industry,364
Other,20
Other,22
Industry,8
Other,642
NIH,25
Other,129
Industry,24
Industry,59
Industry,258
Other,37
Other,260
Other,39
Industry,501
Other,102
Industry,473
Industry,472
Other,150
Industry,93
Other,806
Other,160
Industry,118
Other,5
Industry,5
Industry,89
Other,83
Industry,435
Industry,70
Industry,34
Other,88
Other,33
NIH,124
Industry,15
Industry,43
Other,35
Other,76
Industry,100
Other,314
Industry,56
Industry,48
Other,72
NIH,440
Other,218
Industry,196
Industry,76
Industry,105
Other,87
Other,29
Industry,1216
Other,7
Industry,24
Other,20
Industry,173
Industry,20
Industry,318
Other,56
Industry,120
Industry,86
Industry,189
Industry,62
Industry,107
NIH,57
Other,110
Industry,40
Other,61
NIH,102
Industry,183
Industry,115
NIH,265
Industry,8
Other,16
Other,96
Industry,2496
Industry,175
Industry,13
Other,9
Industry,34
Other,16
Industry,961
Other,25
Industry,445
Other,20
Other,28
Industry,80
Other,10
NIH,897
NIH,1641
Industry,90
Other,50
Other,1046
Other,11
Industry,16
Industry,896
Industry,109
Industry,67
Industry,460
Other,11
Industry,110
Other,18
Other,86
Industry,79
Industry,25
Other,202
Industry,33
Industry,56
NIH,28
NIH,9
Industry,209
NIH,212
Other,116
Industry,83
Industry,366
Industry,95
Industry,34
Industry,202
Industry,101
Industry,17
Other,168
Industry,227
Other,170
Other,80
Other,50
Other,11
NIH,8
Other,60
Other,23
NIH,211
Industry,117
Other,109
Industry,140
Other,171
Other,11
Industry,57
Other,63
Other,116
Industry,377
Industry,78
Other,244
Industry,285
Other,8
Other,148
Industry,6
Industry,57
Industry,68
Other,20
Other,7
Industry,46
Industry,433
Industry,140
Industry,94
Industry,19
Industry,151
Industry,957
Industry,11
NIH,510
Industry,58
Other,139
Industry,98
Industry,39
Other,29
Industry,28
NIH,324
Other,130
Other,127
Other,42
Industry,61
Industry,255
Other,1730
Industry,306
Other,436
Other,7
Industry,79
Industry,28
Other,48
Industry,698
Industry,309
Industry,120
Other,283
Other,46
Other,112
Industry,117
Other,43
Industry,52
Other,93
Other,24
Other,42
Other,124
Industry,635
Industry,129
Industry,9
Industry,320
Other,17
Other,268
Industry,21
Other,41
Other,30
Industry,204
Industry,38
Industry,466
Industry,50
NIH,157
Other,186
Industry,1178
Other,24
Industry,33
Other,22
Industry,135
Industry,265
Industry,21
Industry,1139
Other,36
Other,8
Industry,90
Other,29
Industry,39
NIH,133
Industry,196
Other,58
Industry,27
Industry,257
Other,609
Other,222
Other,41
Industry,189
Other,93
Other,140
Industry,188
Industry,237
Industry,89
Other,91
Industry,31
Industry,128
Industry,53
Industry,486
NIH,15
NIH,366
Industry,17
Other,90
Industry,87
Industry,145
Industry,302
Industry,54
Other,68
Other,1551
Industry,174
Other,86
Other,5
Other,328
Industry,563
Industry,314
Other,27
Industry,79
NIH,92
Industry,79
Industry,60
Other,75
Industry,59
Industry,159
NIH,1032
Industry,24
Other,85
Industry,16
Industry,20
Industry,58
Other,655
Industry,137
Industry,19
Industry,29
Industry,171
Other,51
Other,495
Other,237
Other,166
Industry,296
Industry,77
Other,11
Industry,1964
Industry,211
Industry,21
Industry,65
Other,65
Other,20
Other,41
Industry,426
Industry,59
Industry,83
Other,19
Industry,231
Industry,196
Other,39
Industry,489
Other,7
Industry,26
Other,693
Other,8
Other,65
Industry,39
Industry,19
Industry,155
Industry,286
Other,24
Industry,67
Industry,34
Other,2108
Other,21
Industry,46
Other,93
Other,13
Other,208
Industry,5
Industry,76
Industry,12
NIH,1168
Other,11
Industry,13
Industry,56
Industry,27
Other,29
Industry,20
Industry,50
Other,67
Other,5
Industry,78
Industry,1605
Industry,281
Other,10
Industry,371
Other,40
Industry,60
Other,31
Other,32
Industry,171
Industry,75
Industry,382
Industry,255
Other,5
Industry,15
Industry,54
Industry,136
Industry,114
Industry,68
NIH,112
Industry,182
Industry,21
NIH,15
Other,239
Other,193
Other,507
Other,8
Industry,102
Industry,178
Other,189
Industry,141
Industry,5
Industry,1093
Other,198
Other,16
Other,180
Other,13
Industry,31
Industry,23
Industry,110
Industry,11
Other,21
Other,39
Other,10
Industry,37
Industry,40
Other,51
Industry,47
Industry,19
Other,63
Other,222
Industry,1097
NIH,81
Other,30
Other,61
Other,5
Other,35
NIH,121
Industry,84
Other,24
Industry,129
Industry,320
NIH,544
Other,225
Industry,25
Industry,564
Industry,106
Other,85
Other,178
Industry,402
Industry,22
Industry,854
Industry,448
Other,10
Industry,86
Other,81
Industry,26
Other,100
Industry,148
Other,40
Industry,61
Other,57
Industry,61
Industry,350
Other,83
Industry,61
Industry,109
Industry,69
Industry,181
Other,202
Other,32
Industry,132
Other,50
Industry,53
Other,227
Industry,61
Other,55
Other,741
Industry,22
Industry,85
Other,284
Industry,82
Other,65
Other,77
Industry,106
Other,51
Other,436
Industry,44
Other,142
Industry,41
Other,122
Other,14
NIH,5
Other,79
Industry,119
Other,8
Other,42
Other,61
Other,61
Other,113
Other,21
Industry,33
Industry,470
Industry,79
Industry,85
NIH,13
Other,5
Industry,73
Other,23
Industry,61
Other,256
Industry,100
Other,202
Industry,115
Industry,447
Industry,49
Other,39
Other,163
Industry,70
Industry,54
Other,46
Industry,217
Industry,65
Industry,551
Other,102
Industry,1023
Other,118
Industry,8
Industry,218
Other,10
NIH,545
Industry,233
Industry,56
Industry,84
NIH,17
Other,70
NIH,7
Industry,80
Other,232
Industry,405
Industry,97
Industry,143
Industry,112
Industry,56
Other,177
Industry,7
Industry,68
Industry,220
Other,77
Industry,345
Industry,107
Other,116
Other,55
Other,218
Industry,124
Industry,77
Industry,195
Industry,396
Industry,45
Industry,627
Industry,37
Industry,260
Industry,27
Other,48
Other,41
Industry,296
Industry,53
Other,42
Industry,94
Other,64
Other,13
Industry,45
Other,7
Other,16
Industry,43
NIH,1185
Industry,75
Industry,131
Other,134
Industry,122
Industry,85
Industry,168
Industry,229
Industry,231
Industry,237
Industry,144
Industry,1219
Other,36
Other,182
Industry,191
NIH,15
Industry,27
Other,116
Industry,70
Other,87
Other,694
NIH,56
Industry,176
Other,104
Industry,47
NIH,314
Industry,57
NIH,17
Industry,93
Other,120
Industry,313
Other,78
NIH,26
Industry,11
Industry,25
Other,5
Other,49
Industry,61
Industry,1062
Industry,112
Industry,181
Industry,529
Industry,373
Other,82
Industry,17
Industry,249
NIH,5
Other,38
Other,315
Industry,94
Other,198
Industry,153
Industry,438
Industry,113
Industry,73
Other,59
Other,37
Other,99
Other,89
Industry,495
Industry,43
Industry,21
Industry,10
Industry,43
Industry,88
Other,73
Other,21
Industry,154
Industry,108
Other,53
Other,81
Industry,666
Industry,69
Industry,143
Industry,311
Other,371
Industry,705
Other,5
Industry,41
Industry,182
Industry,162
Other,288
Other,96
Industry,250
Other,22
Industry,73
Other,76
Other,73
Other,119
Industry,170
Other,67
Other,75
Other,180
Other,65
Industry,19
Industry,237
Industry,62
Other,87
Other,53
Other,5
Other,94
Industry,31
Other,5
Industry,203
Other,82
Other,12
NIH,39
Industry,116
Industry,11
Other,24
Industry,151
Industry,19
Other,34
NIH,110
Industry,268
Industry,179
Industry,12
Industry,207
Industry,77
Other,73
Other,23
Industry,17
NIH,58
Other,50
Other,40
Other,15
Industry,172
NIH,36
Industry,20
Industry,46
Industry,37
Other,43
Other,35
Industry,52
Industry,50
Industry,159
Other,84
NIH,48
Industry,900
Industry,71
Industry,155
Other,206
Industry,31
Industry,60
Other,41
Industry,142
Other,32
Industry,24
Industry,382
Other,474
Industry,91
Other,38
Industry,147
Other,68
Industry,189
Industry,145
Industry,83
Industry,36
Industry,177
Industry,60
Other,9
Industry,14
NIH,56
Industry,51
Other,32
Industry,23
Other,47
Other,5
Industry,75
Other,64
NIH,94
Other,14
Industry,36
Industry,33
Other,40
Industry,432
Industry,121
NIH,48
Other,83
Industry,64
Other,22
Other,83
Industry,31
Other,106
Other,5
Industry,316
Other,40
Other,23
Other,44
Industry,28
Other,122
Industry,145
Other,127
Industry,82
Other,124
Other,58
Other,26
Industry,59
Other,17
Industry,83
Other,14
Industry,110
Industry,448
Other,1754
Other,168
Other,179
Industry,28
Other,436
Industry,45
Industry,79
Industry,89
Industry,67
Other,5
Industry,36
Other,101
NIH,332
Industry,85
Industry,824
Other,19
Industry,412
Other,16
Other,42
Industry,11
Industry,38
Industry,160
Other,189
Industry,45
Industry,39
Industry,270
Industry,63
NIH,14
Industry,170
NIH,166
Other,10
Industry,182
Other,29
Industry,50
Industry,94
NIH,433
Other,294
Industry,118
Other,181
Industry,198
Industry,505
Other,100
NIH,152
Industry,41
Other,25
Other,167
Other,29
Industry,108
Industry,23
Industry,416
Industry,41
Industry,19
NIH,99
Industry,501
Other,61
Industry,50
Industry,135
NIH,52
Other,44
Industry,43
Industry,36
Industry,247
Other,76
Industry,62
Industry,40
Other,23
Industry,12
Other,403
Other,15
Other,75
Industry,855
Other,10
Other,83
Industry,104
Other,201
Other,9
Other,223
Industry,102
Other,173
Industry,241
Industry,5
Industry,90
Industry,44
Other,27
Industry,122
Industry,27
Industry,295
Other,5
Other,32
Industry,27
Industry,56
Other,7
Other,9
Other,163
Other,77
Other,11
Other,86
Industry,98
Other,20
Industry,350
Other,15
Industry,59
Industry,272
Industry,233
Industry,57
Industry,126
NIH,15
Other,9
Industry,54
Other,62
Other,68
Industry,174
Industry,348
Other,12
Industry,251
Other,33
Other,52
Other,210
Other,24
Industry,151
Industry,28
Industry,46
Industry,50
Other,27
NIH,790
Other,52
Industry,77
Other,72
Industry,343
Industry,273
Industry,184
NIH,44
Other,63
Industry,1120
Other,232
Industry,48
NIH,7
Industry,176
NIH,52
Other,99
NIH,122
Industry,157
Other,50
Other,36
Industry,806
Other,41
Industry,45
Industry,59
Industry,62
Industry,10
Industry,48
Industry,441
Industry,85
Industry,56
Other,35
Other,99
Industry,183
Industry,848
Industry,115
Other,56
Other,23
Other,71
Industry,36
NIH,11
Other,168
Other,135
Industry,71
Industry,94
Industry,51
Industry,25
Industry,1459
Other,186
NIH,527
Industry,76
Industry,85
Other,480
Other,266
Other,91
Industry,30
Other,42
Other,12
Industry,77
Other,14
Industry,88
Other,229
Other,96
NIH,5
Industry,49
Other,107
Industry,45
Industry,411
Industry,107
Industry,399
NIH,208
Other,35
Other,47
Industry,63
Industry,84
Industry,54
Industry,110
Other,11
Industry,15
Industry,317
Other,101
Other,54
Industry,14
Industry,22
NIH,60
Other,33
Other,67
Industry,22
Industry,58
Other,24
Other,54
Industry,49
Other,28
Other,27
NIH,636
Industry,69
Industry,1059
Industry,96
Other,73
Industry,95
Industry,100
Other,41
Other,38
Industry,178
NIH,6
Other,23
Industry,123
Industry,22
Other,461
Industry,64
Other,5
Other,92
Industry,145
Industry,125
Industry,86
Other,127
Industry,59
Other,8
Industry,80
Industry,35
NIH,84
Industry,38
Industry,99
Industry,40
Industry,281
Industry,26
Industry,17
Industry,35
Other,30
Industry,99
Industry,20
Industry,12
Industry,146
Industry,38
Industry,97
Industry,217
Industry,74
Industry,44
Industry,119
NIH,89
Other,651
Industry,151
Other,36
Industry,382
Industry,34
Industry,51
Industry,738
Industry,17
Other,5
Other,16
Industry,160
NIH,140
Industry,43
Other,32
Industry,79
Industry,112
Industry,113
Industry,97
NIH,7
Industry,78
Other,10
Industry,104
Other,14
Industry,33
Industry,29
Industry,60
Other,40
Industry,9
Industry,112
Industry,91
NIH,330
Other,329
Industry,1687
Other,133
Other,50
Industry,127
Industry,39
Industry,100
Other,7
Industry,186
NIH,121
Other,539
Industry,284
Industry,16
Industry,65
Other,47
Other,31
Other,63
Industry,359
Industry,126
Other,104
Industry,73
Industry,55
Other,232
NIH,60
Industry,222
Industry,26
Other,26
Industry,371
Industry,1408
Other,458
Industry,5
NIH,18
Other,52
Industry,236
Industry,64
Other,41
Industry,720
Industry,115
Other,567
Industry,133
Industry,232
Industry,151
Other,24
Industry,767
Other,154
Other,170
NIH,5
Other,28
Industry,32
Other,24
NIH,5
Industry,206
Industry,38
Other,46
Other,167
NIH,8
NIH,26
Other,46
Industry,126
Other,73
Industry,197
NIH,16
Industry,400
NIH,14
Industry,1009
Other,35
Industry,25
Other,20
Industry,278
Other,15
Other,264
Other,494
Other,50
Industry,28
Other,14
Industry,39
Other,55
Other,9
Industry,350
Industry,273
Industry,84
Industry,300
Industry,7
Other,27
Other,7
Industry,103
Other,55
NIH,35
Other,118
Industry,164
Other,11
Other,15
Other,69
Industry,54
Industry,28
Industry,90
Industry,153
Industry,185
Industry,170
Industry,373
Industry,226
Industry,15
NIH,8
Other,60
Other,9
Other,67
Other,46
Other,83
Industry,72
Industry,153
Other,45
Other,42
Industry,98
Industry,205
Other,473
Industry,88
Other,15
NIH,86
Other,5
Other,42
Other,19
Industry,63
Industry,47
Industry,53
Industry,338
Industry,59
Other,112
Other,25
Industry,278
Industry,14
Industry,576
Other,43
Other,30
Industry,435
Other,183
Industry,23
Other,58
Other,79
Other,5
Other,7
NIH,139
Other,11
Other,13
Industry,32
Industry,118
Other,85
Industry,34
Industry,90
Industry,1101
NIH,118
Industry,55
Industry,126
Other,49
Industry,83
Other,70
Other,15
NIH,9
Industry,154
Industry,156
Industry,25
Industry,92
Other,53
Industry,2056
Other,31
Other,168
NIH,391
Industry,87
Industry,15
Other,90
Industry,66
Industry,24
Industry,74
NIH,20
Other,408
Industry,13
Other,312
Industry,64
Other,180
Other,13
NIH,67
Other,408
Industry,84
Industry,36
Industry,108
Other,78
Industry,10
Industry,261
Industry,137
Industry,26
Industry,22
Industry,280
Other,138
Other,36
Other,5
Industry,82
Industry,32
Other,53
Industry,52
Other,20
Other,26
Industry,107
Industry,58
Industry,154
Other,35
Industry,42
Other,137
Other,37
Industry,31
Industry,20
Industry,125
Industry,291
Industry,18
Industry,29
Industry,7
Other,75
Other,44
Industry,76
NIH,20
Industry,56
Industry,123
Other,56
Industry,128
Other,22
Industry,829
Industry,81
Other,38
Other,94
NIH,87
Industry,168
Other,8
Industry,317
Industry,47
Industry,215
NIH,51
Industry,145
Industry,196
Other,97
NIH,7
Industry,87
Industry,43
Other,72
Industry,89
NIH,53
Other,17
Other,12
Industry,28
Industry,61
Other,904
Industry,280
Industry,720
Industry,46
Other,182
Industry,61
Other,95
Industry,101
Other,24
Industry,22
Industry,217
Other,199
Industry,241
Other,600
Industry,28
Industry,12
Other,88
Other,111
Other,33
Industry,25
Industry,239
Other,260
Industry,336
Other,17
Industry,10
Industry,380
Other,567
Industry,262
Other,52
Industry,22
Other,14
Industry,58
Other,31
Industry,74
Industry,132
Industry,113
Other,107
Industry,60
Industry,25
Industry,393
Industry,78
Industry,848
Industry,19
Industry,622
Other,136
Other,33
Industry,160
Industry,302
NIH,16
Industry,90
Industry,20
Other,10
Industry,41
Other,289
Industry,163
NIH,126
Industry,149
NIH,68
Other,12
Other,36
Industry,39
Industry,111
Other,53
Industry,43
Other,38
Other,33
Industry,59
Industry,1960
Industry,66
Other,81
Other,142
Industry,359
Other,43
Other,71
Industry,73
Industry,128
Industry,95
Industry,1016
Other,27
NIH,23
Industry,93
Industry,77
Other,240
Other,197
Industry,86
Industry,934
Industry,140
Other,28
Industry,6
Industry,101
Other,42
Industry,5
Industry,206
Other,229
Industry,23
Industry,42
Industry,84
Industry,94
Other,133
Industry,245
Other,15
Industry,105
Industry,88
Industry,15
Other,94
Industry,101
Other,30
Industry,171
Other,124
Industry,11
Industry,65
Other,92
Other,162
NIH,47
Other,277
Industry,7
Other,89
Industry,246
Other,74
Other,891
Industry,84
Industry,166
Other,22
Other,41
Industry,34
Industry,205
Industry,154
Other,51
Industry,52
NIH,364
Other,26
Industry,152
Industry,11
Other,162
Other,75
NIH,207
Industry,155
Industry,26
Other,80
Industry,80
NIH,391
Industry,29
Industry,52
Other,52
Other,56
NIH,33
Other,169
Industry,53
Industry,63
Industry,93
Industry,32
Other,38
Industry,241
Industry,14
Other,60
Industry,431
Other,73
Industry,168
Industry,46
Industry,77
Industry,33
Other,76
Other,107
Industry,27
Industry,138
Industry,70
Other,15
Industry,107
Industry,14
Other,106
Other,308
Industry,129
Other,116
Other,41
Industry,46
Industry,25
Other,21
Industry,207
Other,5
Other,165
Industry,94
Other,21
Other,38
Other,185
Other,16
Other,47
Industry,61
Other,5
Other,14
Other,16
Industry,323
Industry,71
Industry,126
Other,5
Industry,33
Other,33
Industry,13
Other,183
Other,57
Other,142
Other,21
Other,15
Other,58
Other,35
Other,47
Industry,308
Other,78
Industry,447
Industry,160
Industry,31
Other,111
Industry,71
Industry,2282
Industry,11
Other,32
Industry,62
Other,5
Other,15
Industry,16
Industry,153
Industry,32
Other,90
Industry,380
Industry,39
Other,154
Other,15
Other,51
Industry,159
Industry,268
Other,26
Industry,431
Industry,108
Other,32
Industry,859
Industry,136
Other,69
Other,61
Industry,5
Industry,68
Industry,24
Industry,104
Industry,16
Industry,124
Other,25
Other,103
Other,38
Other,264
Other,57
Other,19
Other,11
NIH,9
Industry,78
Industry,37
Other,174
Industry,87
Other,14
Industry,82
Industry,111
NIH,52
Industry,336
Industry,63
Other,27
Industry,50
Industry,176
Other,5
Industry,56
NIH,76
Other,423
Other,29
Industry,374
Industry,39
Other,51
Industry,188
Industry,38
Industry,770
Industry,683
Other,57
Other,284
Other,21
Other,168
Industry,106
Industry,237
Industry,135
Industry,39
Industry,63
Industry,50
Industry,1127
Other,90
Other,52
Industry,355
Industry,33
NIH,488
Industry,87
Industry,66
Industry,49
Industry,422
Other,26
Other,32
Other,100
Industry,195
Industry,51
Industry,71
Industry,298
Industry,31
Other,46
Industry,84
Industry,1247
Other,68
Other,89
Industry,304
Industry,7
Industry,34
Industry,25
Industry,17
Industry,145
Industry,48
NIH,72
Industry,39
Other,134
Industry,255
Industry,319
Industry,13
Other,41
Other,85
Industry,906
Industry,28
Other,432
Industry,73
Other,63
NIH,80
Other,15
Industry,40
Other,30
Other,686
Other,21
Industry,24
Industry,40
NIH,159
Industry,2575
Other,27
Other,101
Other,761
NIH,65
Other,369
Other,54
Other,53
Other,60
Industry,143
Other,143
Industry,179
Industry,26
Other,73
Other,10
Other,196
Industry,144
Industry,13
Industry,56
Other,1149
Industry,102
Industry,136
Other,105
Industry,124
Other,35
Other,85
Other,102
Industry,333
Industry,139
Other,23
Other,701
Other,22
Other,15
Industry,30
Industry,65
Industry,63
Other,33
Other,17
Industry,114
Industry,41
Industry,12
Industry,237
Industry,40
Industry,222
Industry,178
Industry,19
Industry,323
Industry,96
Other,78
Industry,374
Industry,140
Industry,118
Industry,45
Other,18
Industry,72
Other,105
Other,558
Industry,63
Other,15
Industry,17
Industry,22
Industry,154
Industry,62
Industry,139
Industry,112
Industry,177
Industry,264
Industry,70
Other,347
Industry,106
Industry,1343
Industry,666
Other,144
Other,30
NIH,29
NIH,40
Other,131
Industry,419
Industry,30
Industry,121
Industry,45
Other,42
Industry,193
Industry,24
Other,85
Other,100
Industry,56
Industry,314
Industry,181
Other,639
Other,5
Industry,175
Other,283
Industry,823
Industry,11
Other,255
Industry,35
Industry,110
Other,27
Other,584
Other,102
Other,60
NIH,5
Industry,14
Other,20
Other,114
Other,85
Industry,23
Industry,75
Industry,46
Other,123
Industry,19
Industry,59
Other,80
Industry,638
Industry,32
Industry,376
Industry,145
Industry,231
Other,51
Industry,74
Industry,39
Other,126
NIH,5
Industry,275
Other,80
Industry,59
Industry,77
Industry,57
Industry,107
Industry,50
Industry,24
Industry,79
Other,78
Other,93
Other,32
Other,123
NIH,60
Industry,62
NIH,10
Industry,185
Industry,214
Other,24
Industry,29
Industry,37
Other,13
Industry,74
Industry,10
Industry,276
Other,30
Other,98
Industry,24
Other,32
Industry,16
Industry,129
Industry,350
Other,195
Industry,68
Other,101
Industry,66
Industry,60
Industry,268
Industry,24
Industry,101
Other,31
Industry,156
Other,24
Industry,129
Other,635
Industry,787
Industry,227
Industry,135
NIH,12
Industry,21
Industry,35
Other,497
Other,34
Other,12
Industry,128
Other,13
Industry,169
Other,51
Other,12
Other,81
Industry,39
Other,70
Other,145
Industry,5
Industry,54
Other,47
Industry,47
NIH,190
Industry,477
Industry,12
Industry,98
Industry,92
NIH,44
Industry,9
Other,11
Industry,84
Other,33
Industry,64
NIH,41
Industry,415
Industry,50
Industry,98
NIH,26
Other,101
Industry,85
Other,22
Industry,28
NIH,115
Industry,40
Other,92
Industry,62
Industry,16
Other,66
Industry,77
Other,56
Other,25
Industry,125
Industry,34
Other,2989
Other,43
Other,56
Industry,46
Other,28
Industry,110
Industry,45
Industry,94
Other,15
Other,296
Industry,43
Other,23
Industry,307
Other,158
Industry,159
Other,25
Industry,122
Industry,133
Industry,45
Other,19
Other,844
Other,24
NIH,676
Industry,67
Other,1519
Industry,118
Other,12
Industry,299
Other,109
Other,18
Industry,124
Industry,497
Industry,113
Other,32
Industry,198
Industry,39
Other,107
Other,59
Other,51
Industry,157
Industry,835
Other,874
Industry,105
Industry,415
Other,140
Other,139
Industry,34
Industry,201
Other,9
Other,298
NIH,793
Other,56
Industry,15
Industry,99
Industry,50
Other,7
Other,157
Other,104
Industry,602
Industry,95
Other,189
Industry,10
Other,137
NIH,161
Other,15
Industry,65
Industry,44
Other,114
Industry,226
Other,68
NIH,154
Other,58
Industry,240
NIH,141
Industry,155
Industry,37
Industry,35
Industry,60
Other,113
Other,10
Industry,13
Industry,44
Industry,441
Industry,56
Industry,541
Other,74
Other,91
Industry,393
Industry,26
Other,120
Industry,156
Other,1103
Industry,105
Industry,93
NIH,6
Industry,29
Industry,20
Industry,153
Other,65
Industry,271
Industry,19
Industry,262
NIH,20
Other,54
Industry,956
Other,13
Industry,82
Other,33
Other,99
Industry,56
NIH,648
Industry,269
Industry,18
Industry,78
NIH,75
Industry,59
Other,191
Other,70
Industry,24
Industry,39
Industry,168
Industry,161
Industry,54
Other,136
Other,21
Industry,248
Industry,168
NIH,36
Industry,327
Industry,35
Other,118
Other,24
NIH,463
Other,192
Industry,35
Other,37
Industry,634
Industry,803
Other,35
Other,152
NIH,45
Other,10
Other,27
Industry,489
Industry,84
Industry,252
NIH,6
Other,28
NIH,66
Other,14
Industry,260
Other,288
Industry,412
NIH,116
Industry,19
Industry,27
Other,36
Industry,31
Industry,146
Industry,232
Other,50
Other,12
Other,223
Industry,14
Other,63
Other,160
Other,322
Industry,140
Other,18
NIH,516
Industry,35
NIH,597
Industry,229
Industry,25
Other,64
Industry,42
Industry,118
Industry,40
NIH,670
Industry,173
Other,24
Other,25
NIH,5
Industry,68
Industry,198
Industry,37
Industry,63
Industry,262
Industry,169
Other,38
Industry,735
Industry,20
Other,121
Industry,61
Industry,51
Other,51
Industry,1591
NIH,63
Industry,636
NIH,28
Industry,96
Industry,27
Industry,336
NIH,1564
Industry,196
Industry,563
Other,5
Industry,200
Industry,53
Other,44
Other,46
Other,9
Industry,146
Other,11
Industry,47
Industry,157
Industry,16
Industry,20
Other,57
Industry,316
Industry,11
Industry,645
Industry,254
Industry,22
Other,298
Industry,256
Industry,41
Other,8
NIH,452
Other,9
Other,557
NIH,169
Industry,98
Other,47
Industry,162
Other,24
Industry,170
Industry,91
Other,71
Other,26
Other,65
Other,43
Industry,548
Industry,13
Other,118
NIH,386
Other,24
Industry,37
Other,5
Other,34
Other,21
Industry,193
Industry,41
Industry,137
Industry,23
Other,293
NIH,82
NIH,55
Industry,677
Industry,112
Industry,321
Industry,316
NIH,54
Industry,23
Industry,18
Industry,204
Other,159
Industry,114
Industry,194
Other,18
Industry,16
Other,106
Industry,7
Industry,25
Industry,149
Other,107
Other,17
Other,58
NIH,31
NIH,141
Industry,203
Other,83
Industry,31
Other,457
Other,105
Other,398
Industry,276
Other,60
Industry,143
Industry,22
Industry,41
Other,59
Other,7
Industry,7
NIH,78
NIH,19
Industry,163
Industry,62
Industry,139
Industry,3677
Industry,128
Industry,55
Industry,51
Industry,138
Industry,108
Other,33
Industry,245
Industry,137
Other,302
Industry,37
NIH,25
Industry,27
Other,24
Other,151
NIH,1103
Industry,41
Industry,128
Industry,294
Industry,116
Industry,50
Industry,653
Other,24
Industry,84
Other,10
Other,6
Other,100
Other,1029
Other,565
Other,158
Industry,175
Other,188
Other,158
Other,53
Industry,5
Other,16
Other,204
Industry,37
Industry,452
Other,195
Other,123
Industry,599
NIH,157
NIH,131
NIH,32
Other,21
Industry,52
Industry,98
Other,47
Industry,169
Industry,69
Industry,1076
Industry,148
Industry,7
Other,188
Industry,131
Industry,202
Other,225
NIH,120
Industry,52
Other,111
Other,32
Industry,685
Industry,13
NIH,548
Other,12
Industry,1172
Industry,86
Other,19
Other,444
Other,28
Industry,108
Industry,45
Industry,63
Other,78
Other,302
Other,41
Other,166
Other,92
Industry,13
Industry,19
Industry,14
Industry,97
Industry,29
Industry,97
Other,48
Industry,288
Industry,699
Industry,39
Other,532
NIH,56
Industry,52
Other,33
Industry,516
Industry,1154
NIH,6
Other,25
Other,5
Industry,1111
Other,153
Industry,85
Industry,375
Industry,98
Industry,209
Industry,180
Industry,54
Industry,334
Industry,38
Other,178
Other,6
Industry,41
Industry,93
Industry,132
Industry,161
Other,73
Industry,13
Other,45
Other,7
Other,80
Other,16
Other,64
Industry,67
Industry,238
Other,16
Other,14
Other,346
Industry,88
Other,129
Industry,11
Other,71
Other,189
Industry,153
Industry,186
Other,29
Industry,205
Industry,68
Industry,202
Industry,168
NIH,133
Other,20
Industry,97
Industry,309
Other,48
Industry,163
Industry,72
Industry,321
Other,18
Other,5
Industry,36
Other,1076
Industry,28
Industry,70
Industry,453
Other,70
Industry,40
Other,33
Industry,92
NIH,54
Industry,33
Other,5
Other,163
Industry,428
Other,142
Industry,84
Other,1095
Industry,21
Industry,284
Other,9
Industry,187
Industry,38
Other,225
Other,197
Other,9
Industry,25
Industry,250
Industry,24
Industry,12
Other,37
Other,46
Other,16
Industry,287
Industry,288
Industry,29
Industry,224
Industry,148
NIH,36
Other,75
Industry,89
Industry,280
Industry,5
Other,37
NIH,1241
Industry,90
NIH,11
Other,22
Industry,54
Industry,73
Industry,104
Industry,391
Other,168
Other,372
Industry,547
Other,36
Industry,53
Industry,142
Industry,65
NIH,69
Industry,68
Other,12
Other,39
Industry,163
Industry,163
Industry,25
Industry,32
Industry,118
Industry,554
NIH,37
Industry,206
Other,62
Other,22
Other,212
Other,38
Industry,7
Other,9
Other,129
Industry,2266
Industry,50
Industry,629
Other,214
Industry,15
Industry,190
Other,17
Industry,165
Other,60
Other,19
Industry,1066
Industry,302
Industry,235
NIH,5
NIH,12
Industry,115
Industry,121
Industry,56
Industry,619
Other,20
Industry,65
Industry,61
Industry,146
Other,127
Industry,148
Other,114
Other,29
Industry,103
NIH,7
Other,91
Industry,530
Industry,15
Industry,423
Industry,123
Other,49
Other,67
Industry,79
Industry,21
Other,14
Other,8
Other,26
Other,209
NIH,89
Other,103
Industry,12
Industry,282
Industry,95
Industry,18
Industry,474
NIH,10
NIH,436
NIH,157
Industry,69
Other,9
Other,135
Industry,32
Other,44
Industry,117
Industry,18
Industry,8
Industry,39
Industry,266
Other,7
Other,227
Industry,247
Other,121
Other,49
Other,66
Industry,252
Industry,126
Other,45
Industry,214
Other,26
Other,25
Industry,70
Other,60
Industry,54
Industry,61
Industry,150
Industry,241
Other,58
Industry,89
NIH,51
Other,140
Industry,427
Industry,67
Industry,166
Other,9
Other,41
NIH,43
Industry,94
Industry,97
Industry,26
Industry,252
Industry,33
Industry,74
Industry,474
Other,60
Other,7
Industry,32
Industry,421
Industry,2005
NIH,17
Industry,46
Other,177
Other,21
Other,16
Other,169
Industry,713
Industry,8
Other,150
Industry,24
Industry,535
Industry,158
Other,187
Other,13
Industry,199
Industry,18
Industry,68
Industry,71
Industry,29
Industry,93
Industry,170
Other,30
Other,101
Other,29
Other,45
Other,22
NIH,47
NIH,331
Industry,46
Industry,16
Industry,15
Other,37
Industry,72
Industry,82
Industry,48
Industry,105
Other,118
Industry,29
Other,20
Industry,55
Industry,131
Other,229
Other,15
Other,37
Other,13
Industry,162
NIH,35
Other,93
Industry,18
NIH,307
Other,109
Other,11
Other,12
Other,63
Industry,12
Other,52
Other,196
Industry,104
Industry,9
Other,46
Other,46
Other,41
Industry,167
Industry,21
Industry,30
Other,36
Industry,12
Other,14
Other,7
Industry,95
Industry,1543
Industry,107
Other,74
Other,25
Other,89
Other,19
Industry,181
Other,52
Industry,96
Industry,403
Industry,54
Other,923
NIH,38
Other,76
Industry,91
Industry,40
Other,21
Industry,262
Other,64
Industry,11
Industry,9
Other,5
Industry,56
Other,365
Industry,50
Other,176
NIH,364
Other,104
Industry,448
Industry,291
Industry,27
Other,106
Industry,163
Industry,25
Industry,223
Other,15
Industry,34
Other,748
Industry,153
Industry,33
Industry,102
Industry,179
Industry,47
Industry,44
Industry,89
Industry,81
Industry,75
Industry,193
Industry,58
Other,53
Industry,411
Industry,260
NIH,6
Other,36
Industry,325
Industry,89
Industry,127
Other,348
Other,47
Industry,147
Industry,1940
NIH,5
Industry,102
NIH,41
Industry,30
Industry,63
Industry,847
Industry,34
Other,65
Other,35
Industry,125
NIH,37
Other,91
Industry,8
Industry,45
Other,272
Industry,18
Industry,66
Industry,51
NIH,186
Industry,176
Industry,136
Industry,67
Industry,70
Industry,16
Industry,90
NIH,25
Industry,164
Industry,10
Industry,446
Other,24
NIH,323
Industry,1027
Other,33
Other,19
Other,48
Industry,97
Other,412
Industry,19
Industry,133
Industry,209
Other,21
Industry,112
Industry,77
Other,64
Industry,23
Industry,68
Industry,46
Other,14
Other,6
Industry,18
Industry,607
Industry,28
Industry,51
Other,44
Industry,86
NIH,7
Other,11
Other,26
Other,73
Industry,592
Other,62
Industry,85
NIH,70
Industry,76
Other,33
Industry,796
NIH,530
Industry,139
Other,20
Other,21
Industry,101
Industry,506
Industry,97
Industry,241
Other,22
Industry,176
Industry,45
Industry,37
Other,38
Industry,54
Industry,20
Other,13
Industry,42
Industry,229
Industry,183
Industry,1796
Industry,26
Industry,61
Other,9
Other,5
Other,11
NIH,25
Other,34
Other,26
Industry,99
Other,44
Industry,1022
Industry,32
Other,455
Other,66
Other,33
Other,48
Industry,657
Other,13
Other,1076
Industry,150
Other,11
Industry,35
Other,12
Industry,13
Other,5
Other,30
Other,41
Industry,1438
Other,25
Industry,101
Industry,176
Other,141
Other,36
Other,7
Industry,120
NIH,457
Other,57
NIH,175
Industry,43
Industry,41
Industry,60
Industry,321
Other,829
Other,176
Industry,101
Industry,551
Other,20
Industry,53
Industry,150
Industry,539
Industry,101
Industry,175
Other,47
Industry,75
Other,10
Other,22
NIH,10
Other,153
Industry,44
Industry,35
NIH,166
Industry,87
Industry,87
Industry,258
Other,25
Industry,44
Industry,11
Industry,151
Industry,36
Other,10
Other,18
Industry,984
Industry,122
Industry,31
Other,105
Other,93
Industry,60
Industry,10
Other,212
Industry,49
Industry,97
Other,51
Industry,104
Other,13
Industry,42
Other,15
Other,59
Industry,251
Industry,88
Industry,31
Industry,143
Industry,1070
NIH,274
Industry,505
Industry,157
Industry,58
Industry,176
NIH,20
Other,29
Other,209
Industry,535
Other,56
Industry,132
Other,648
Other,12
NIH,6
Industry,193
Other,127
Other,25
Industry,140
Industry,67
Industry,100
Other,37
NIH,16
Industry,77
Industry,35
Other,6
NIH,61
Other,86
Other,34
Other,91
Industry,78
Other,148
Other,11
Industry,22
Other,238
Other,48
Industry,131
Other,54
Industry,75
Other,45
Other,5
Other,17
Industry,64
Industry,19
NIH,22
Other,97
Industry,20
Industry,114
NIH,36
Industry,12
Other,266
Industry,18
Other,24
Industry,309
Industry,23
Industry,49
Industry,41
Industry,19
Other,26
Industry,149
Industry,402
Other,217
Other,9
Industry,211
Other,121
Industry,313
Industry,198
Industry,180
Other,132
Industry,93
Industry,24
Industry,19
Industry,27
NIH,440
NIH,82
Other,45
Industry,40
Industry,40
Other,61
Industry,190
Industry,112
Other,507
Industry,485
Industry,21
Industry,34
Other,186
Industry,161
Other,6
Industry,44
Other,7
Industry,166
NIH,137
Other,27
Industry,67
Industry,25
Industry,41
Other,105
Other,136
Other,138
Other,229
Other,129
Other,40
Industry,87
Other,26
Other,523
Industry,82
Other,115
Industry,41
Industry,291
Other,34
Industry,90
Industry,31
Industry,939
Industry,223
Other,17
Other,18
Industry,75
Other,220
Other,24
Other,100
Other,65
Industry,33
Other,14
Other,29
Industry,69
Other,55
Industry,47
Industry,33
Industry,47
Other,9
Other,38
Industry,125
Industry,125
Industry,64
Industry,424
Other,261
Industry,193
Industry,110
Industry,11
Industry,547
Industry,280
Industry,410
Other,269
Other,97
Industry,177
Industry,27
Industry,116
Other,106
Other,107
Industry,60
Industry,48
Industry,46
Industry,98
Other,51
NIH,6
Industry,295
Industry,234
Other,13
NIH,335
Industry,21
Industry,113
NIH,348
Industry,88
Industry,989
Other,92
Industry,22
Other,13
Industry,507
Industry,39
Industry,25
Other,23
NIH,13
Other,11
Other,235
Other,180
Other,19
Industry,57
Industry,15
Other,25
Industry,69
Other,53
Other,300
Other,14
Other,729
Industry,94
Industry,14
Industry,241
Industry,58
Other,5
Industry,24
Other,292
Industry,24
Other,39
Other,384
Industry,26
Other,45
Industry,30
Industry,158
Other,57
Industry,37
Other,64
Industry,121
Industry,14
Industry,113
Industry,220
Industry,62
Industry,97
Other,35
Other,5
Other,51
Industry,30
Industry,935
Industry,74
Industry,183
Other,37
Industry,63
Other,44
Other,11
Industry,132
NIH,44
Other,36
Other,40
Industry,36
NIH,132
Industry,82
Other,133
NIH,192
Other,134
Industry,510
Other,107
NIH,348
Industry,388
Other,10
Industry,38
Other,13
Other,62
Industry,282
Industry,245
Industry,249
Industry,198
Industry,438
Industry,482
Industry,72
Other,6
Industry,346
Industry,106
Industry,41
Other,10
Industry,135
Other,29
Other,17
Industry,304
Industry,90
Other,8
Other,20
Other,10
Other,19
Industry,1379
Industry,194
Other,23
Industry,82
Other,97
Other,5
Other,294
NIH,122
Other,52
Other,174
Industry,24
Industry,1686
Industry,30
Industry,162
Other,100
Industry,51
Other,16
Industry,44
NIH,65
Industry,76
Industry,45
Other,62
Other,20
Industry,428
Other,60
Industry,16
Other,59
Other,11
Industry,48
Other,32
Other,83
Industry,24
Industry,471
NIH,395
Industry,33
Industry,28
Other,79
Industry,312
NIH,300
Industry,12
Industry,116
Industry,340
Other,61
Industry,15
Industry,6
Industry,166
Other,23
Industry,16
Other,98
Other,46
Other,79
Industry,184
Other,32
Other,146
Industry,133
Industry,116
Industry,260
Industry,31
Other,58
Industry,38
Industry,523
Other,30
Other,15
Other,54
Industry,33
Other,150
Industry,87
Other,185
Industry,27
Industry,137
Industry,384
Industry,492
Industry,1107
Industry,147
Industry,224
Other,280
Other,188
Other,32
Other,1710
Other,33
Industry,127
Other,16
Industry,233
Industry,223
Other,41
Industry,7
NIH,12
Other,223
Other,5
Industry,342
Industry,688
Other,9
Other,37
Industry,148
Other,17
Industry,17
Industry,33
Other,91
Other,227
Industry,456
Other,11
Industry,28
Industry,114
Industry,5
Industry,398
Other,73
Other,77
Other,148
Industry,149
Other,5
Industry,439
NIH,1139
Other,455
Other,41
Other,37
Other,32
Other,20
Industry,47
Industry,113
Industry,43
Other,56
Other,9
Industry,54
Industry,79
Other,8
NIH,74
Other,30
Other,66
Other,216
Industry,119
Industry,174
Industry,75
Industry,10
Other,32
Industry,68
Industry,5
Industry,151
Industry,286
Other,572
Industry,922
Industry,312
Industry,87
Other,31
Industry,35
Other,89
Other,89
Industry,337
Industry,221
Industry,926
Industry,86
Industry,343
Other,28
Other,712
Industry,41
Industry,202
Other,15
Other,77
Industry,210
Industry,31
Other,120
Other,55
Industry,30
Other,25
Industry,66
Industry,241
Industry,27
Industry,27
Other,84
Other,66
Industry,59
Industry,131
Other,8
Industry,105
Industry,183
Industry,60
Other,43
Industry,93
Industry,26
Industry,94
Industry,31
Industry,53
NIH,146
Industry,265
Other,529
NIH,25
Other,40
Other,13
Other,134
Industry,32
Other,45
Other,22
Industry,31
Industry,272
Industry,261
Industry,563
Industry,92
NIH,5
Other,13
NIH,465
Other,20
Industry,151
Industry,279
Industry,149
Industry,246
Industry,69
Other,47
Industry,329
Industry,89
Other,25
Other,18
Other,42
Industry,138
NIH,35
Other,106
Other,66
Industry,126
Other,987
Industry,228
Industry,12
Industry,89
Other,5
Other,19
Other,65
Other,145
Industry,289
Industry,92
Industry,12
Industry,727
Other,128
Other,6
Other,429
Industry,369
Industry,38
Industry,139
Industry,19
Industry,207
Other,53
Other,11
Industry,117
Other,158
Industry,116
Other,655
Industry,44
Other,102
Other,379
NIH,5
Industry,306
Industry,170
NIH,374
Other,83
NIH,63
Industry,451
NIH,62
Other,158
Other,94
Industry,243
Industry,605
Other,20
Other,160
Other,46
Industry,672
Industry,451
Industry,45
Industry,21
